Workbook

Sheet Forge Components
A1: Force mass craft? | C1: FALSE | D1: Checklist | L1: FALSE | M1: FALSE | O1: FALSE | P1: FALSE | Q1: FALSE | R1: FALSE | S1: FALSE | T1: FALSE | U1: FALSE | V1: FALSE | W1: FALSE | X1: FALSE | Y1: FALSE | Z1: FALSE | AA1: FALSE | AB1: FALSE | AC1: FALSE | AD1: FALSE | AE1: FALSE | AF1: FALSE | AG1: FALSE | AH1: FALSE | AI1: FALSE | AJ1: FALSE | AK1: FALSE | AL1: FALSE | AM1: FALSE | AN1: FALSE | AO1: FALSE | AP1: FALSE | AQ1: FALSE | AR1: FALSE | AS1: FALSE | AT1: FALSE | AU1: FALSE | AV1: FALSE | AW1: FALSE | AX1: FALSE | AY1: FALSE | AZ1: FALSE | BA1: FALSE | BB1: FALSE | BC1: FALSE
A2: Autowant base component? | C2: TRUE | D2: Total Need | K2: =SUM(J11:J75) -> 6869 | L2: =SUM(BE5:BE75) -> 27900 | M2: =MAX(BF5:BF75) -> 3000 | O2: =SUM(BH5:BH75) -> 32 | P2: =SUM(BI5:BI75) -> 45 | Q2: =SUM(BJ5:BJ75) -> 4 | R2: =SUM(BK5:BK75) -> 0 | S2: =SUM(BL5:BL75) -> 35 | T2: =SUM(BM5:BM75) -> 22 | U2: =SUM(BN5:BN75) -> 26 | V2: =SUM(BO5:BO75) -> 0 | ... AA2: =SUM(BT5:BT75) -> 60 | AB2: =SUM(BV5:BV75) -> 0 | AC2: =SUM(BU5:BU75) -> 6 | AD2: =SUM(BW5:BW75) -> 4 | AE2: =SUM(BX5:BX75) -> 0 | AF2: =SUM(BZ5:BZ75) -> 4 | AG2: =SUM(CB5:CB75) -> 10 | AH2: =SUM(CA5:CA75) -> 3 | AI2: =SUM(BY5:BY75) -> 0 | AJ2: =SUM(CC5:CC75) -> 0 | AK2: =SUM(CF5:CF75) -> 0 | AL2: =SUM(CE5:CE75) -> 7 | AM2: =SUM(CD5:CD75) -> 0 | AN2: =SUM(CG5:CG75) -> 0 | AO2: =SUM(CJ5:CJ75) -> 0 | AP2: =SUM(CI5:CI75) -> 0 | AQ2: =SUM(CH5:CH75) -> 0 | AR2: =SUM(CK5:CK75) -> 24 | AS2: =SUM(CL5:CL75) -> 1 | AT2: =SUM(CM5:CM75) -> 0 | AU2: =SUM(CN5:CN75) -> 0 | AV2: =SUM(CO5:CO75) -> 45 | AW2: =SUM(CP5:CP75) -> 48 | AX2: =SUM(CQ5:CQ75) -> 24 | AY2: =SUM(CR5:CR75) -> 40 | ... BC2: =SUM(CV5:CV75) -> 139 | BH2: =VLOOKUP(BH4,'Price Data'!$A:$B,2,FALSE) -> 4 | BI2: =VLOOKUP(BI4,'Price Data'!$A:$B,2,FALSE) -> 3 | BJ2: =VLOOKUP(BJ4,'Price Data'!$A:$B,2,FALSE) -> 10 | BK2: =VLOOKUP(BK4,'Price Data'!$A:$B,2,FALSE) -> 5 | BL2: =VLOOKUP(BL4,'Price Data'!$A:$B,2,FALSE) -> 50 | BM2: =VLOOKUP(BM4,'Price Data'!$A:$B,2,FALSE) -> 60 | BN2: =VLOOKUP(BN4,'Price Data'!$A:$B,2,FALSE) -> 60 | BO2: =VLOOKUP(BO4,'Price Data'!$A:$B,2,FALSE) -> 70 | ... CV2: =VLOOKUP(CV4,'Price Data'!$A:$B,2,FALSE) -> 4 | CX2: Total price to craft one
A3: =HYPERLINK("https://docs.google.com/spreadsheets/d/1Uy3IweykzeGsWOpNRR6Yx1TO4Y8c5qMbYHTlwK4BR8I/", "Forge Boon List") -> Forge Boon List | O3: =IFERROR(__xludf.DUMMYFUNCTION("IMAGE(CONCATENATE(""http://mayumi.fi/boundless/"",REGEXREPLACE(LOWER(O4),""\s"", ""%20""),"".png""),1)"),"#REF!") -> #REF! | P3: =IFERROR(__xludf.DUMMYFUNCTION("IMAGE(CONCATENATE(""http://mayumi.fi/boundless/"",REGEXREPLACE(LOWER(P4),""\s"", ""%20""),"".png""),1)"),"#REF!") -> #REF! | Q3: =IFERROR(__xludf.DUMMYFUNCTION("IMAGE(CONCATENATE(""http://mayumi.fi/boundless/"",REGEXREPLACE(LOWER(Q4),""\s"", ""%20""),"".png""),1)"),"#REF!") -> #REF! | R3: =IFERROR(__xludf.DUMMYFUNCTION("IMAGE(CONCATENATE(""http://mayumi.fi/boundless/"",REGEXREPLACE(LOWER(R4),""\s"", ""%20""),"".png""),1)"),"#REF!") -> #REF! | S3: =IFERROR(__xludf.DUMMYFUNCTION("IMAGE(CONCATENATE(""http://mayumi.fi/boundless/"",REGEXREPLACE(LOWER(S4),""\s"", ""%20""),"".png""),1)"),"#REF!") -> #REF! | T3: =IFERROR(__xludf.DUMMYFUNCTION("IMAGE(CONCATENATE(""http://mayumi.fi/boundless/"",REGEXREPLACE(LOWER(T4),""\s"", ""%20""),"".png""),1)"),"#REF!") -> #REF! | U3: =IFERROR(__xludf.DUMMYFUNCTION("IMAGE(CONCATENATE(""http://mayumi.fi/boundless/"",REGEXREPLACE(LOWER(U4),""\s"", ""%20""),"".png""),1)"),"#REF!") -> #REF! | V3: =IFERROR(__xludf.DUMMYFUNCTION("IMAGE(CONCATENATE(""http://mayumi.fi/boundless/"",REGEXREPLACE(LOWER(V4),""\s"", ""%20""),"".png""),1)"),"#REF!") -> #REF! | W3: =IFERROR(__xludf.DUMMYFUNCTION("IMAGE(CONCATENATE(""http://mayumi.fi/boundless/"",REGEXREPLACE(LOWER(W4),""\s"", ""%20""),"".png""),1)"),"#REF!") -> #REF! | X3: =IFERROR(__xludf.DUMMYFUNCTION("IMAGE(CONCATENATE(""http://mayumi.fi/boundless/"",REGEXREPLACE(LOWER(X4),""\s"", ""%20""),"".png""),1)"),"#REF!") -> #REF! | Y3: =IFERROR(__xludf.DUMMYFUNCTION("IMAGE(CONCATENATE(""http://mayumi.fi/boundless/"",REGEXREPLACE(LOWER(Y4),""\s"", ""%20""),"".png""),1)"),"#REF!") -> #REF! | Z3: =IFERROR(__xludf.DUMMYFUNCTION("IMAGE(CONCATENATE(""http://mayumi.fi/boundless/"",REGEXREPLACE(LOWER(Z4),""\s"", ""%20""),"".png""),1)"),"#REF!") -> #REF! | AA3: =IFERROR(__xludf.DUMMYFUNCTION("IMAGE(CONCATENATE(""http://mayumi.fi/boundless/"",REGEXREPLACE(LOWER(AA4),""\s"", ""%20""),"".png""),1)"),"#REF!") -> #REF! | AB3: =IFERROR(__xludf.DUMMYFUNCTION("IMAGE(CONCATENATE(""http://mayumi.fi/boundless/"",REGEXREPLACE(LOWER(AB4),""\s"", ""%20""),"".png""),1)"),"#REF!") -> #REF! | AC3: =IFERROR(__xludf.DUMMYFUNCTION("IMAGE(CONCATENATE(""http://mayumi.fi/boundless/"",REGEXREPLACE(LOWER(AC4),""\s"", ""%20""),"".png""),1)"),"#REF!") -> #REF! | AD3: =IFERROR(__xludf.DUMMYFUNCTION("IMAGE(CONCATENATE(""http://mayumi.fi/boundless/"",REGEXREPLACE(LOWER(AD4),""\s"", ""%20""),"".png""),1)"),"#REF!") -> #REF! | AE3: =IFERROR(__xludf.DUMMYFUNCTION("IMAGE(CONCATENATE(""http://mayumi.fi/boundless/"",REGEXREPLACE(LOWER(AE4),""\s"", ""%20""),"".png""),1)"),"#REF!") -> #REF! | AF3: =IFERROR(__xludf.DUMMYFUNCTION("IMAGE(CONCATENATE(""http://mayumi.fi/boundless/"",REGEXREPLACE(LOWER(AF4),""\s"", ""%20""),"".png""),1)"),"#REF!") -> #REF! | AG3: =IFERROR(__xludf.DUMMYFUNCTION("IMAGE(CONCATENATE(""http://mayumi.fi/boundless/"",REGEXREPLACE(LOWER(AG4),""\s"", ""%20""),"".png""),1)"),"#REF!") -> #REF! | AH3: =IFERROR(__xludf.DUMMYFUNCTION("IMAGE(CONCATENATE(""http://mayumi.fi/boundless/"",REGEXREPLACE(LOWER(AH4),""\s"", ""%20""),"".png""),1)"),"#REF!") -> #REF! | AI3: =IFERROR(__xludf.DUMMYFUNCTION("IMAGE(CONCATENATE(""http://mayumi.fi/boundless/"",REGEXREPLACE(LOWER(AI4),""\s"", ""%20""),"".png""),1)"),"#REF!") -> #REF! | AJ3: =IFERROR(__xludf.DUMMYFUNCTION("IMAGE(CONCATENATE(""http://mayumi.fi/boundless/"",REGEXREPLACE(LOWER(AJ4),""\s"", ""%20""),"".png""),1)"),"#REF!") -> #REF! | AK3: =IFERROR(__xludf.DUMMYFUNCTION("IMAGE(CONCATENATE(""http://mayumi.fi/boundless/"",REGEXREPLACE(LOWER(AK4),""\s"", ""%20""),"".png""),1)"),"#REF!") -> #REF! | AL3: =IFERROR(__xludf.DUMMYFUNCTION("IMAGE(CONCATENATE(""http://mayumi.fi/boundless/"",REGEXREPLACE(LOWER(AL4),""\s"", ""%20""),"".png""),1)"),"#REF!") -> #REF! | AM3: =IFERROR(__xludf.DUMMYFUNCTION("IMAGE(CONCATENATE(""http://mayumi.fi/boundless/"",REGEXREPLACE(LOWER(AM4),""\s"", ""%20""),"".png""),1)"),"#REF!") -> #REF! | AN3: =IFERROR(__xludf.DUMMYFUNCTION("IMAGE(CONCATENATE(""http://mayumi.fi/boundless/"",REGEXREPLACE(LOWER(AN4),""\s"", ""%20""),"".png""),1)"),"#REF!") -> #REF! | AO3: =IFERROR(__xludf.DUMMYFUNCTION("IMAGE(CONCATENATE(""http://mayumi.fi/boundless/"",REGEXREPLACE(LOWER(AO4),""\s"", ""%20""),"".png""),1)"),"#REF!") -> #REF! | AP3: =IFERROR(__xludf.DUMMYFUNCTION("IMAGE(CONCATENATE(""http://mayumi.fi/boundless/"",REGEXREPLACE(LOWER(AP4),""\s"", ""%20""),"".png""),1)"),"#REF!") -> #REF! | AQ3: =IFERROR(__xludf.DUMMYFUNCTION("IMAGE(CONCATENATE(""http://mayumi.fi/boundless/"",REGEXREPLACE(LOWER(AQ4),""\s"", ""%20""),"".png""),1)"),"#REF!") -> #REF! | AR3: =IFERROR(__xludf.DUMMYFUNCTION("IMAGE(CONCATENATE(""http://mayumi.fi/boundless/"",REGEXREPLACE(LOWER(AR4),""\s"", ""%20""),"".png""),1)"),"#REF!") -> #REF! | AS3: =IFERROR(__xludf.DUMMYFUNCTION("IMAGE(CONCATENATE(""http://mayumi.fi/boundless/"",REGEXREPLACE(LOWER(AS4),""\s"", ""%20""),"".png""),1)"),"#REF!") -> #REF! | AT3: =IFERROR(__xludf.DUMMYFUNCTION("IMAGE(CONCATENATE(""http://mayumi.fi/boundless/"",REGEXREPLACE(LOWER(AT4),""\s"", ""%20""),"".png""),1)"),"#REF!") -> #REF! | AU3: =IFERROR(__xludf.DUMMYFUNCTION("IMAGE(CONCATENATE(""http://mayumi.fi/boundless/"",REGEXREPLACE(LOWER(AU4),""\s"", ""%20""),"".png""),1)"),"#REF!") -> #REF! | AV3: =IFERROR(__xludf.DUMMYFUNCTION("IMAGE(CONCATENATE(""http://mayumi.fi/boundless/"",REGEXREPLACE(LOWER(AV4),""\s"", ""%20""),"".png""),1)"),"#REF!") -> #REF! | AW3: =IFERROR(__xludf.DUMMYFUNCTION("IMAGE(CONCATENATE(""http://mayumi.fi/boundless/"",REGEXREPLACE(LOWER(AW4),""\s"", ""%20""),"".png""),1)"),"#REF!") -> #REF! | AX3: =IFERROR(__xludf.DUMMYFUNCTION("IMAGE(CONCATENATE(""http://mayumi.fi/boundless/"",REGEXREPLACE(LOWER(AX4),""\s"", ""%20""),"".png""),1)"),"#REF!") -> #REF! | AY3: =IFERROR(__xludf.DUMMYFUNCTION("IMAGE(CONCATENATE(""http://mayumi.fi/boundless/"",REGEXREPLACE(LOWER(AY4),""\s"", ""%20""),"".png""),1)"),"#REF!") -> #REF! | AZ3: =IFERROR(__xludf.DUMMYFUNCTION("IMAGE(CONCATENATE(""http://mayumi.fi/boundless/"",REGEXREPLACE(LOWER(AZ4),""\s"", ""%20""),"".png""),1)"),"#REF!") -> #REF! | BA3: =IFERROR(__xludf.DUMMYFUNCTION("IMAGE(CONCATENATE(""http://mayumi.fi/boundless/"",REGEXREPLACE(LOWER(BA4),""\s"", ""%20""),"".png""),1)"),"#REF!") -> #REF! | BB3: =IFERROR(__xludf.DUMMYFUNCTION("IMAGE(CONCATENATE(""http://mayumi.fi/boundless/"",REGEXREPLACE(LOWER(BB4),""\s"", ""%20""),"".png""),1)"),"#REF!") -> #REF! | BC3: =IFERROR(__xludf.DUMMYFUNCTION("IMAGE(CONCATENATE(""http://mayumi.fi/boundless/"",REGEXREPLACE(LOWER(BC4),""\s"", ""%20""),"".png""),1)"),"#REF!") -> #REF!
A4: =IMAGE("https://forum.playboundless.com/uploads/default/original/3X/2/8/28f5805d5bfa2bc60b86dfe550515ea80ccb02e2.png",4, 50, 50) -> #REF! | B4: Autowant | C4: Want | D4: Total Want | E4: Single | F4: Bulk | G4: Mass | H4: Mass qty | I4: Base Item | K4: Price Each | L4: Spark | M4: Power | N4: Base | O4: Fresh Vital | P4: Ancient Vital | Q4: Pulsating Orb | R4: Vital Orb | S4: Shimmering Orb | T4: Shadow Orb | U4: Reactive Lamella | V4: Glowing Lamella | W4: Hide | X4: Creature Mantle | Y4: Fresh Blood | Z4: Viscous Blood | AA4: Volatile Blood | AB4: Wildstock Eye | AC4: Spitter Eye | AD4: Hopper Eye | AE4: Roadrunner Eye | AF4: Spark Sac | AG4: Thermal Sac | AH4: Flotation Sac | AI4: Adrenal Gland | AJ4: Wildstock Trophy | AK4: Spitter Trophy | AL4: Hopper Trophy | AM4: Cuttletrunk Trophy | AN4: Roadrunner Trophy | AO4: Sulphur Fragment | AP4: Saltpetre Fragment | AQ4: Olivine Fragment | AR4: Cobalt Fragment | AS4: Flint | AT4: Opal | AU4: Petal | AV4: Sap | AW4: Inky Leaf | AX4: Fleshy Leaf | AY4: Spicy Bean | AZ4: Bitter Bean | BA4: Syrup | BB4: Charcoal | BC4: Glass | BE4: Spark | BF4: Power | BG4: =N4 -> Base | BH4: Fresh Vital | BI4: Ancient Vital | BJ4: Pulsating Orb | BK4: Vital Orb | BL4: Shimmering Orb | BM4: Shadow Orb | BN4: Reactive Lamella | BO4: Glowing Lamella | BP4: Hide | BQ4: Creature Mantle | BR4: Fresh Blood | BS4: Viscous Blood | BT4: Volatile Blood | BU4: Spitter Eye | BV4: Wildstock Eye | BW4: Hopper Eye | BX4: Roadrunner Eye | BY4: Adrenal Gland | BZ4: Spark Sac | CA4: Flotation Sac | CB4: Thermal Sac | CC4: Wildstock Trophy | CD4: Cuttletrunk Trophy | CE4: Hopper Trophy | CF4: Spitter Trophy | CG4: Roadrunner Trophy | CH4: Olivine Fragment | CI4: Saltpetre Fragment | CJ4: Sulphur Fragment | CK4: Cobalt Fragment | CL4: Flint | CM4: Opal | CN4: Petal | CO4: Sap | CP4: Inky Leaf | CQ4: Fleshy Leaf | CR4: Spicy Bean | CS4: Bitter Bean | CT4: Syrup | CU4: Charcoal | CV4: Glass | CX4: Fresh Vital | CY4: Ancient Vital | CZ4: Pulsating Orb | DA4: Vital Orb | DB4: Shimmering Orb | DC4: Shadow Orb | DD4: Reactive Lamella | DE4: Glowing Lamella | DF4: Hide | DG4: Creature Mantle | DH4: Fresh Blood | DI4: Viscous Blood | DJ4: Volatile Blood | DK4: Spitter Eye | DL4: Wildstock Eye | DM4: Hopper Eye | DN4: Roadrunner Eye | DO4: Adrenal Gland | DP4: Spark Sac | DQ4: Flotation Sac | DR4: Thermal Sac | DS4: Wildstock Trophy | DT4: Cuttletrunk Trophy | DU4: Hopper Trophy | DV4: Spitter Trophy | DW4: Roadrunner Trophy | DX4: Olivine Fragment | DY4: Saltpetre Fragment | DZ4: Sulphur Fragment | EA4: Cobalt Fragment | EB4: Flint | EC4: Opal | ED4: Petal | EE4: Sap | EF4: Inky Leaf | EG4: Fleshy Leaf | EH4: Spicy Bean | EI4: Bitter Bean | EJ4: Syrup | EK4: Charcoal | EL4: Glass
A5: Compound Base | B5: =IF($C$2,SUMIF(I:I,A5,BG:BG),0) -> 32 | D5: =C5+B5 -> 32 | E5: =IF(ISBLANK(H5),0,IF($C$1,0,CEILING(D5-F5*H5*0.2-G5*H5,1))) -> 2 | F5: =IF(ISBLANK(H5),0,IF($C$1,0,FLOOR((D5-G5*H5)/(H5/5),1))) -> 3 | G5: =IF(ISBLANK(H5),0,IF($C$1,CEILING(D5/H5,1),FLOOR(D5/H5,1))) -> 0 | H5: 50 | J5: =K5*D5 -> 2080 | K5: =CEILING(SUM(CX5:EL5),1)+IF(ISBLANK(I5),0,VLOOKUP(I5,A:K,11,FALSE)) -> 65 | L5: - | M5: - | U5: 1 | BB5: 1 | BC5: 1 | BE5: =IF(ISNUMBER(L5),$G5*L5*25+$F5*L5*10+$E5*L5,0) -> 0 | BF5: =IF(D5>0,M5,0) -> - | BG5: =$G5*N5*IF($H5>50,18,36)+$F5*N5*IF($H5>50,4,8)+$E5*N5 -> 0 | BH5: =$G5*O5*IF($H5>50,18,36)+$F5*O5*IF($H5>50,4,8)+$E5*O5 -> 0 | BI5: =$G5*P5*IF($H5>50,18,36)+$F5*P5*IF($H5>50,4,8)+$E5*P5 -> 0 | BJ5: =$G5*Q5*IF($H5>50,18,36)+$F5*Q5*IF($H5>50,4,8)+$E5*Q5 -> 0 | BK5: =$G5*R5*IF($H5>50,18,36)+$F5*R5*IF($H5>50,4,8)+$E5*R5 -> 0 | BL5: =$G5*S5*IF($H5>50,18,36)+$F5*S5*IF($H5>50,4,8)+$E5*S5 -> 0 | BM5: =$G5*T5*IF($H5>50,18,36)+$F5*T5*IF($H5>50,4,8)+$E5*T5 -> 0 | BN5: =$G5*U5*IF($H5>50,18,36)+$F5*U5*IF($H5>50,4,8)+$E5*U5 -> 26 | ... BT5: =$G5*AA5*IF($H5>50,18,36)+$F5*AA5*IF($H5>50,4,8)+$E5*AA5 -> 0 | BU5: =$G5*AC5*IF($H5>50,18,36)+$F5*AC5*IF($H5>50,4,8)+$E5*AC5 -> 0 | BV5: =$G5*AB5*IF($H5>50,18,36)+$F5*AB5*IF($H5>50,4,8)+$E5*AB5 -> 0 | BW5: =$G5*AD5*IF($H5>50,18,36)+$F5*AD5*IF($H5>50,4,8)+$E5*AD5 -> 0 | BX5: =$G5*AE5*IF($H5>50,18,36)+$F5*AE5*IF($H5>50,4,8)+$E5*AE5 -> 0 | BY5: =$G5*AI5*IF($H5>50,18,36)+$F5*AI5*IF($H5>50,4,8)+$E5*AI5 -> 0 | BZ5: =$G5*AF5*IF($H5>50,18,36)+$F5*AF5*IF($H5>50,4,8)+$E5*AF5 -> 0 | CA5: =$G5*AH5*IF($H5>50,18,36)+$F5*AH5*IF($H5>50,4,8)+$E5*AH5 -> 0 | CB5: =$G5*AG5*IF($H5>50,18,36)+$F5*AG5*IF($H5>50,4,8)+$E5*AG5 -> 0 | CC5: =$G5*AJ5*IF($H5>50,18,36)+$F5*AJ5*IF($H5>50,4,8)+$E5*AJ5 -> 0 | CD5: =$G5*AM5*IF($H5>50,18,36)+$F5*AM5*IF($H5>50,4,8)+$E5*AM5 -> 0 | CE5: =$G5*AL5*IF($H5>50,18,36)+$F5*AL5*IF($H5>50,4,8)+$E5*AL5 -> 0 | CF5: =$G5*AK5*IF($H5>50,18,36)+$F5*AK5*IF($H5>50,4,8)+$E5*AK5 -> 0 | CG5: =$G5*AN5*IF($H5>50,18,36)+$F5*AN5*IF($H5>50,4,8)+$E5*AN5 -> 0 | CH5: =$G5*AQ5*IF($H5>50,18,36)+$F5*AQ5*IF($H5>50,4,8)+$E5*AQ5 -> 0 | CI5: =$G5*AP5*IF($H5>50,18,36)+$F5*AP5*IF($H5>50,4,8)+$E5*AP5 -> 0 | CJ5: =$G5*AO5*IF($H5>50,18,36)+$F5*AO5*IF($H5>50,4,8)+$E5*AO5 -> 0 | CK5: =$G5*AR5*IF($H5>50,18,36)+$F5*AR5*IF($H5>50,4,8)+$E5*AR5 -> 0 | CL5: =$G5*AS5*IF($H5>50,18,36)+$F5*AS5*IF($H5>50,4,8)+$E5*AS5 -> 0 | CM5: =$G5*AT5*IF($H5>50,18,36)+$F5*AT5*IF($H5>50,4,8)+$E5*AT5 -> 0 | CN5: =$G5*AU5*IF($H5>50,18,36)+$F5*AU5*IF($H5>50,4,8)+$E5*AU5 -> 0 | CO5: =$G5*AV5*IF($H5>50,18,36)+$F5*AV5*IF($H5>50,4,8)+$E5*AV5 -> 0 | CP5: =$G5*AW5*IF($H5>50,18,36)+$F5*AW5*IF($H5>50,4,8)+$E5*AW5 -> 0 | CQ5: =$G5*AX5*IF($H5>50,18,36)+$F5*AX5*IF($H5>50,4,8)+$E5*AX5 -> 0 | CR5: =$G5*AY5*IF($H5>50,18,36)+$F5*AY5*IF($H5>50,4,8)+$E5*AY5 -> 0 | ... CV5: =$G5*BC5*IF($H5>50,18,36)+$F5*BC5*IF($H5>50,4,8)+$E5*BC5 -> 26 | CX5: =O5*BH$2/($H5/50)^2 -> 0 | CY5: =P5*BI$2/($H5/50)^2 -> 0 | CZ5: =Q5*BJ$2/($H5/50)^2 -> 0 | DA5: =R5*BK$2/($H5/50)^2 -> 0 | DB5: =S5*BL$2/($H5/50)^2 -> 0 | DC5: =T5*BM$2/($H5/50)^2 -> 0 | DD5: =U5*BN$2/($H5/50)^2 -> 60 | DE5: =V5*BO$2/($H5/50)^2 -> 0 | ... DJ5: =AA5*BT$2/($H5/50)^2 -> 0 | DK5: =AC5*BU$2/($H5/50)^2 -> 0 | DL5: =AB5*BV$2/($H5/50)^2 -> 0 | DM5: =AD5*BW$2/($H5/50)^2 -> 0 | DN5: =AE5*BX$2/($H5/50)^2 -> 0 | DO5: =AI5*BY$2/($H5/50)^2 -> 0 | DP5: =AF5*BZ$2/($H5/50)^2 -> 0 | DQ5: =AH5*CA$2/($H5/50)^2 -> 0 | DR5: =AG5*CB$2/($H5/50)^2 -> 0 | DS5: =AJ5*CC$2/($H5/50)^2 -> 0 | DT5: =AM5*CD$2/($H5/50)^2 -> 0 | DU5: =AL5*CE$2/($H5/50)^2 -> 0 | DV5: =AK5*CF$2/($H5/50)^2 -> 0 | DW5: =AN5*CG$2/($H5/50)^2 -> 0 | DX5: =AQ5*CH$2/($H5/50)^2 -> 0 | DY5: =AP5*CI$2/($H5/50)^2 -> 0 | DZ5: =AO5*CJ$2/($H5/50)^2 -> 0 | EA5: =AR5*CK$2/($H5/50)^2 -> 0 | EB5: =AS5*CL$2/($H5/50)^2 -> 0 | EC5: =AT5*CM$2/($H5/50)^2 -> 0 | ED5: =AU5*CN$2/($H5/50)^2 -> 0 | EE5: =AV5*CO$2/($H5/50)^2 -> 0 | EF5: =AW5*CP$2/($H5/50)^2 -> 0 | EG5: =AX5*CQ$2/($H5/50)^2 -> 0 | EH5: =AY5*CR$2/($H5/50)^2 -> 0 | ... EL5: =BC5*CV$2/($H5/50)^2 -> 4
A6: Paste Base | B6: =IF($C$2,SUMIF(I:I,A6,BG:BG),0) -> 24 | D6: =C6+B6 -> 24 | E6: =IF(ISBLANK(H6),0,IF($C$1,0,CEILING(D6-F6*H6*0.2-G6*H6,1))) -> 4 | F6: =IF(ISBLANK(H6),0,IF($C$1,0,FLOOR((D6-G6*H6)/(H6/5),1))) -> 2 | G6: =IF(ISBLANK(H6),0,IF($C$1,CEILING(D6/H6,1),FLOOR(D6/H6,1))) -> 0 | H6: 50 | J6: =K6*D6 -> 3936 | K6: =CEILING(SUM(CX6:EL6),1)+IF(ISBLANK(I6),0,VLOOKUP(I6,A:K,11,FALSE)) -> 164 | L6: 200 | M6: - | AY6: 2 | AZ6: 1 | BC6: 1 | BE6: =IF(ISNUMBER(L6),$G6*L6*25+$F6*L6*10+$E6*L6,0) -> 4800 | BF6: =IF(D6>0,M6,0) -> - | BG6: =$G6*N6*IF($H6>50,18,36)+$F6*N6*IF($H6>50,4,8)+$E6*N6 -> 0 | BH6: =$G6*O6*IF($H6>50,18,36)+$F6*O6*IF($H6>50,4,8)+$E6*O6 -> 0 | BI6: =$G6*P6*IF($H6>50,18,36)+$F6*P6*IF($H6>50,4,8)+$E6*P6 -> 0 | BJ6: =$G6*Q6*IF($H6>50,18,36)+$F6*Q6*IF($H6>50,4,8)+$E6*Q6 -> 0 | BK6: =$G6*R6*IF($H6>50,18,36)+$F6*R6*IF($H6>50,4,8)+$E6*R6 -> 0 | BL6: =$G6*S6*IF($H6>50,18,36)+$F6*S6*IF($H6>50,4,8)+$E6*S6 -> 0 | BM6: =$G6*T6*IF($H6>50,18,36)+$F6*T6*IF($H6>50,4,8)+$E6*T6 -> 0 | BN6: =$G6*U6*IF($H6>50,18,36)+$F6*U6*IF($H6>50,4,8)+$E6*U6 -> 0 | ... BT6: =$G6*AA6*IF($H6>50,18,36)+$F6*AA6*IF($H6>50,4,8)+$E6*AA6 -> 0 | BU6: =$G6*AC6*IF($H6>50,18,36)+$F6*AC6*IF($H6>50,4,8)+$E6*AC6 -> 0 | BV6: =$G6*AB6*IF($H6>50,18,36)+$F6*AB6*IF($H6>50,4,8)+$E6*AB6 -> 0 | BW6: =$G6*AD6*IF($H6>50,18,36)+$F6*AD6*IF($H6>50,4,8)+$E6*AD6 -> 0 | BX6: =$G6*AE6*IF($H6>50,18,36)+$F6*AE6*IF($H6>50,4,8)+$E6*AE6 -> 0 | BY6: =$G6*AI6*IF($H6>50,18,36)+$F6*AI6*IF($H6>50,4,8)+$E6*AI6 -> 0 | BZ6: =$G6*AF6*IF($H6>50,18,36)+$F6*AF6*IF($H6>50,4,8)+$E6*AF6 -> 0 | CA6: =$G6*AH6*IF($H6>50,18,36)+$F6*AH6*IF($H6>50,4,8)+$E6*AH6 -> 0 | CB6: =$G6*AG6*IF($H6>50,18,36)+$F6*AG6*IF($H6>50,4,8)+$E6*AG6 -> 0 | CC6: =$G6*AJ6*IF($H6>50,18,36)+$F6*AJ6*IF($H6>50,4,8)+$E6*AJ6 -> 0 | CD6: =$G6*AM6*IF($H6>50,18,36)+$F6*AM6*IF($H6>50,4,8)+$E6*AM6 -> 0 | CE6: =$G6*AL6*IF($H6>50,18,36)+$F6*AL6*IF($H6>50,4,8)+$E6*AL6 -> 0 | CF6: =$G6*AK6*IF($H6>50,18,36)+$F6*AK6*IF($H6>50,4,8)+$E6*AK6 -> 0 | CG6: =$G6*AN6*IF($H6>50,18,36)+$F6*AN6*IF($H6>50,4,8)+$E6*AN6 -> 0 | CH6: =$G6*AQ6*IF($H6>50,18,36)+$F6*AQ6*IF($H6>50,4,8)+$E6*AQ6 -> 0 | CI6: =$G6*AP6*IF($H6>50,18,36)+$F6*AP6*IF($H6>50,4,8)+$E6*AP6 -> 0 | CJ6: =$G6*AO6*IF($H6>50,18,36)+$F6*AO6*IF($H6>50,4,8)+$E6*AO6 -> 0 | CK6: =$G6*AR6*IF($H6>50,18,36)+$F6*AR6*IF($H6>50,4,8)+$E6*AR6 -> 0 | CL6: =$G6*AS6*IF($H6>50,18,36)+$F6*AS6*IF($H6>50,4,8)+$E6*AS6 -> 0 | CM6: =$G6*AT6*IF($H6>50,18,36)+$F6*AT6*IF($H6>50,4,8)+$E6*AT6 -> 0 | CN6: =$G6*AU6*IF($H6>50,18,36)+$F6*AU6*IF($H6>50,4,8)+$E6*AU6 -> 0 | CO6: =$G6*AV6*IF($H6>50,18,36)+$F6*AV6*IF($H6>50,4,8)+$E6*AV6 -> 0 | CP6: =$G6*AW6*IF($H6>50,18,36)+$F6*AW6*IF($H6>50,4,8)+$E6*AW6 -> 0 | CQ6: =$G6*AX6*IF($H6>50,18,36)+$F6*AX6*IF($H6>50,4,8)+$E6*AX6 -> 0 | CR6: =$G6*AY6*IF($H6>50,18,36)+$F6*AY6*IF($H6>50,4,8)+$E6*AY6 -> 40 | ... CV6: =$G6*BC6*IF($H6>50,18,36)+$F6*BC6*IF($H6>50,4,8)+$E6*BC6 -> 20 | CX6: =O6*BH$2/($H6/50)^2 -> 0 | CY6: =P6*BI$2/($H6/50)^2 -> 0 | CZ6: =Q6*BJ$2/($H6/50)^2 -> 0 | DA6: =R6*BK$2/($H6/50)^2 -> 0 | DB6: =S6*BL$2/($H6/50)^2 -> 0 | DC6: =T6*BM$2/($H6/50)^2 -> 0 | DD6: =U6*BN$2/($H6/50)^2 -> 0 | DE6: =V6*BO$2/($H6/50)^2 -> 0 | ... DJ6: =AA6*BT$2/($H6/50)^2 -> 0 | DK6: =AC6*BU$2/($H6/50)^2 -> 0 | DL6: =AB6*BV$2/($H6/50)^2 -> 0 | DM6: =AD6*BW$2/($H6/50)^2 -> 0 | DN6: =AE6*BX$2/($H6/50)^2 -> 0 | DO6: =AI6*BY$2/($H6/50)^2 -> 0 | DP6: =AF6*BZ$2/($H6/50)^2 -> 0 | DQ6: =AH6*CA$2/($H6/50)^2 -> 0 | DR6: =AG6*CB$2/($H6/50)^2 -> 0 | DS6: =AJ6*CC$2/($H6/50)^2 -> 0 | DT6: =AM6*CD$2/($H6/50)^2 -> 0 | DU6: =AL6*CE$2/($H6/50)^2 -> 0 | DV6: =AK6*CF$2/($H6/50)^2 -> 0 | DW6: =AN6*CG$2/($H6/50)^2 -> 0 | DX6: =AQ6*CH$2/($H6/50)^2 -> 0 | DY6: =AP6*CI$2/($H6/50)^2 -> 0 | DZ6: =AO6*CJ$2/($H6/50)^2 -> 0 | EA6: =AR6*CK$2/($H6/50)^2 -> 0 | EB6: =AS6*CL$2/($H6/50)^2 -> 0 | EC6: =AT6*CM$2/($H6/50)^2 -> 0 | ED6: =AU6*CN$2/($H6/50)^2 -> 0 | EE6: =AV6*CO$2/($H6/50)^2 -> 0 | EF6: =AW6*CP$2/($H6/50)^2 -> 0 | EG6: =AX6*CQ$2/($H6/50)^2 -> 0 | EH6: =AY6*CR$2/($H6/50)^2 -> 70 | ... EL6: =BC6*CV$2/($H6/50)^2 -> 4
A7: Gum Base | B7: =IF($C$2,SUMIF(I:I,A7,BG:BG),0) -> 28 | D7: =C7+B7 -> 28 | E7: =IF(ISBLANK(H7),0,IF($C$1,0,CEILING(D7-F7*H7*0.2-G7*H7,1))) -> 8 | F7: =IF(ISBLANK(H7),0,IF($C$1,0,FLOOR((D7-G7*H7)/(H7/5),1))) -> 2 | G7: =IF(ISBLANK(H7),0,IF($C$1,CEILING(D7/H7,1),FLOOR(D7/H7,1))) -> 0 | H7: 50 | J7: =K7*D7 -> 336 | K7: =CEILING(SUM(CX7:EL7),1)+IF(ISBLANK(I7),0,VLOOKUP(I7,A:K,11,FALSE)) -> 12 | L7: - | M7: - | AX7: 1 | BA7: 1 | BC7: 1 | BE7: =IF(ISNUMBER(L7),$G7*L7*25+$F7*L7*10+$E7*L7,0) -> 0 | BF7: =IF(D7>0,M7,0) -> - | BG7: =$G7*N7*IF($H7>50,18,36)+$F7*N7*IF($H7>50,4,8)+$E7*N7 -> 0 | BH7: =$G7*O7*IF($H7>50,18,36)+$F7*O7*IF($H7>50,4,8)+$E7*O7 -> 0 | BI7: =$G7*P7*IF($H7>50,18,36)+$F7*P7*IF($H7>50,4,8)+$E7*P7 -> 0 | BJ7: =$G7*Q7*IF($H7>50,18,36)+$F7*Q7*IF($H7>50,4,8)+$E7*Q7 -> 0 | BK7: =$G7*R7*IF($H7>50,18,36)+$F7*R7*IF($H7>50,4,8)+$E7*R7 -> 0 | BL7: =$G7*S7*IF($H7>50,18,36)+$F7*S7*IF($H7>50,4,8)+$E7*S7 -> 0 | BM7: =$G7*T7*IF($H7>50,18,36)+$F7*T7*IF($H7>50,4,8)+$E7*T7 -> 0 | BN7: =$G7*U7*IF($H7>50,18,36)+$F7*U7*IF($H7>50,4,8)+$E7*U7 -> 0 | ... BT7: =$G7*AA7*IF($H7>50,18,36)+$F7*AA7*IF($H7>50,4,8)+$E7*AA7 -> 0 | BU7: =$G7*AC7*IF($H7>50,18,36)+$F7*AC7*IF($H7>50,4,8)+$E7*AC7 -> 0 | BV7: =$G7*AB7*IF($H7>50,18,36)+$F7*AB7*IF($H7>50,4,8)+$E7*AB7 -> 0 | BW7: =$G7*AD7*IF($H7>50,18,36)+$F7*AD7*IF($H7>50,4,8)+$E7*AD7 -> 0 | BX7: =$G7*AE7*IF($H7>50,18,36)+$F7*AE7*IF($H7>50,4,8)+$E7*AE7 -> 0 | BY7: =$G7*AI7*IF($H7>50,18,36)+$F7*AI7*IF($H7>50,4,8)+$E7*AI7 -> 0 | BZ7: =$G7*AF7*IF($H7>50,18,36)+$F7*AF7*IF($H7>50,4,8)+$E7*AF7 -> 0 | CA7: =$G7*AH7*IF($H7>50,18,36)+$F7*AH7*IF($H7>50,4,8)+$E7*AH7 -> 0 | CB7: =$G7*AG7*IF($H7>50,18,36)+$F7*AG7*IF($H7>50,4,8)+$E7*AG7 -> 0 | CC7: =$G7*AJ7*IF($H7>50,18,36)+$F7*AJ7*IF($H7>50,4,8)+$E7*AJ7 -> 0 | CD7: =$G7*AM7*IF($H7>50,18,36)+$F7*AM7*IF($H7>50,4,8)+$E7*AM7 -> 0 | CE7: =$G7*AL7*IF($H7>50,18,36)+$F7*AL7*IF($H7>50,4,8)+$E7*AL7 -> 0 | CF7: =$G7*AK7*IF($H7>50,18,36)+$F7*AK7*IF($H7>50,4,8)+$E7*AK7 -> 0 | CG7: =$G7*AN7*IF($H7>50,18,36)+$F7*AN7*IF($H7>50,4,8)+$E7*AN7 -> 0 | CH7: =$G7*AQ7*IF($H7>50,18,36)+$F7*AQ7*IF($H7>50,4,8)+$E7*AQ7 -> 0 | CI7: =$G7*AP7*IF($H7>50,18,36)+$F7*AP7*IF($H7>50,4,8)+$E7*AP7 -> 0 | CJ7: =$G7*AO7*IF($H7>50,18,36)+$F7*AO7*IF($H7>50,4,8)+$E7*AO7 -> 0 | CK7: =$G7*AR7*IF($H7>50,18,36)+$F7*AR7*IF($H7>50,4,8)+$E7*AR7 -> 0 | CL7: =$G7*AS7*IF($H7>50,18,36)+$F7*AS7*IF($H7>50,4,8)+$E7*AS7 -> 0 | CM7: =$G7*AT7*IF($H7>50,18,36)+$F7*AT7*IF($H7>50,4,8)+$E7*AT7 -> 0 | CN7: =$G7*AU7*IF($H7>50,18,36)+$F7*AU7*IF($H7>50,4,8)+$E7*AU7 -> 0 | CO7: =$G7*AV7*IF($H7>50,18,36)+$F7*AV7*IF($H7>50,4,8)+$E7*AV7 -> 0 | CP7: =$G7*AW7*IF($H7>50,18,36)+$F7*AW7*IF($H7>50,4,8)+$E7*AW7 -> 0 | CQ7: =$G7*AX7*IF($H7>50,18,36)+$F7*AX7*IF($H7>50,4,8)+$E7*AX7 -> 24 | CR7: =$G7*AY7*IF($H7>50,18,36)+$F7*AY7*IF($H7>50,4,8)+$E7*AY7 -> 0 | ... CV7: =$G7*BC7*IF($H7>50,18,36)+$F7*BC7*IF($H7>50,4,8)+$E7*BC7 -> 24 | CX7: =O7*BH$2/($H7/50)^2 -> 0 | CY7: =P7*BI$2/($H7/50)^2 -> 0 | CZ7: =Q7*BJ$2/($H7/50)^2 -> 0 | DA7: =R7*BK$2/($H7/50)^2 -> 0 | DB7: =S7*BL$2/($H7/50)^2 -> 0 | DC7: =T7*BM$2/($H7/50)^2 -> 0 | DD7: =U7*BN$2/($H7/50)^2 -> 0 | DE7: =V7*BO$2/($H7/50)^2 -> 0 | ... DJ7: =AA7*BT$2/($H7/50)^2 -> 0 | DK7: =AC7*BU$2/($H7/50)^2 -> 0 | DL7: =AB7*BV$2/($H7/50)^2 -> 0 | DM7: =AD7*BW$2/($H7/50)^2 -> 0 | DN7: =AE7*BX$2/($H7/50)^2 -> 0 | DO7: =AI7*BY$2/($H7/50)^2 -> 0 | DP7: =AF7*BZ$2/($H7/50)^2 -> 0 | DQ7: =AH7*CA$2/($H7/50)^2 -> 0 | DR7: =AG7*CB$2/($H7/50)^2 -> 0 | DS7: =AJ7*CC$2/($H7/50)^2 -> 0 | DT7: =AM7*CD$2/($H7/50)^2 -> 0 | DU7: =AL7*CE$2/($H7/50)^2 -> 0 | DV7: =AK7*CF$2/($H7/50)^2 -> 0 | DW7: =AN7*CG$2/($H7/50)^2 -> 0 | DX7: =AQ7*CH$2/($H7/50)^2 -> 0 | DY7: =AP7*CI$2/($H7/50)^2 -> 0 | DZ7: =AO7*CJ$2/($H7/50)^2 -> 0 | EA7: =AR7*CK$2/($H7/50)^2 -> 0 | EB7: =AS7*CL$2/($H7/50)^2 -> 0 | EC7: =AT7*CM$2/($H7/50)^2 -> 0 | ED7: =AU7*CN$2/($H7/50)^2 -> 0 | EE7: =AV7*CO$2/($H7/50)^2 -> 0 | EF7: =AW7*CP$2/($H7/50)^2 -> 0 | EG7: =AX7*CQ$2/($H7/50)^2 -> 4 | EH7: =AY7*CR$2/($H7/50)^2 -> 0 | ... EL7: =BC7*CV$2/($H7/50)^2 -> 4
A8: Catalyst Base | B8: =IF($C$2,SUMIF(I:I,A8,BG:BG),0) -> 28 | D8: =C8+B8 -> 28 | E8: =IF(ISBLANK(H8),0,IF($C$1,0,CEILING(D8-F8*H8*0.2-G8*H8,1))) -> 8 | F8: =IF(ISBLANK(H8),0,IF($C$1,0,FLOOR((D8-G8*H8)/(H8/5),1))) -> 2 | G8: =IF(ISBLANK(H8),0,IF($C$1,CEILING(D8/H8,1),FLOOR(D8/H8,1))) -> 0 | H8: 50 | J8: =K8*D8 -> 1652 | K8: =CEILING(SUM(CX8:EL8),1)+IF(ISBLANK(I8),0,VLOOKUP(I8,A:K,11,FALSE)) -> 59 | L8: 200 | M8: - | AR8: 1 | AW8: 2 | BC8: 1 | BE8: =IF(ISNUMBER(L8),$G8*L8*25+$F8*L8*10+$E8*L8,0) -> 5600 | BF8: =IF(D8>0,M8,0) -> - | BG8: =$G8*N8*IF($H8>50,18,36)+$F8*N8*IF($H8>50,4,8)+$E8*N8 -> 0 | BH8: =$G8*O8*IF($H8>50,18,36)+$F8*O8*IF($H8>50,4,8)+$E8*O8 -> 0 | BI8: =$G8*P8*IF($H8>50,18,36)+$F8*P8*IF($H8>50,4,8)+$E8*P8 -> 0 | BJ8: =$G8*Q8*IF($H8>50,18,36)+$F8*Q8*IF($H8>50,4,8)+$E8*Q8 -> 0 | BK8: =$G8*R8*IF($H8>50,18,36)+$F8*R8*IF($H8>50,4,8)+$E8*R8 -> 0 | BL8: =$G8*S8*IF($H8>50,18,36)+$F8*S8*IF($H8>50,4,8)+$E8*S8 -> 0 | BM8: =$G8*T8*IF($H8>50,18,36)+$F8*T8*IF($H8>50,4,8)+$E8*T8 -> 0 | BN8: =$G8*U8*IF($H8>50,18,36)+$F8*U8*IF($H8>50,4,8)+$E8*U8 -> 0 | ... BT8: =$G8*AA8*IF($H8>50,18,36)+$F8*AA8*IF($H8>50,4,8)+$E8*AA8 -> 0 | BU8: =$G8*AC8*IF($H8>50,18,36)+$F8*AC8*IF($H8>50,4,8)+$E8*AC8 -> 0 | BV8: =$G8*AB8*IF($H8>50,18,36)+$F8*AB8*IF($H8>50,4,8)+$E8*AB8 -> 0 | BW8: =$G8*AD8*IF($H8>50,18,36)+$F8*AD8*IF($H8>50,4,8)+$E8*AD8 -> 0 | BX8: =$G8*AE8*IF($H8>50,18,36)+$F8*AE8*IF($H8>50,4,8)+$E8*AE8 -> 0 | BY8: =$G8*AI8*IF($H8>50,18,36)+$F8*AI8*IF($H8>50,4,8)+$E8*AI8 -> 0 | BZ8: =$G8*AF8*IF($H8>50,18,36)+$F8*AF8*IF($H8>50,4,8)+$E8*AF8 -> 0 | CA8: =$G8*AH8*IF($H8>50,18,36)+$F8*AH8*IF($H8>50,4,8)+$E8*AH8 -> 0 | CB8: =$G8*AG8*IF($H8>50,18,36)+$F8*AG8*IF($H8>50,4,8)+$E8*AG8 -> 0 | CC8: =$G8*AJ8*IF($H8>50,18,36)+$F8*AJ8*IF($H8>50,4,8)+$E8*AJ8 -> 0 | CD8: =$G8*AM8*IF($H8>50,18,36)+$F8*AM8*IF($H8>50,4,8)+$E8*AM8 -> 0 | CE8: =$G8*AL8*IF($H8>50,18,36)+$F8*AL8*IF($H8>50,4,8)+$E8*AL8 -> 0 | CF8: =$G8*AK8*IF($H8>50,18,36)+$F8*AK8*IF($H8>50,4,8)+$E8*AK8 -> 0 | CG8: =$G8*AN8*IF($H8>50,18,36)+$F8*AN8*IF($H8>50,4,8)+$E8*AN8 -> 0 | CH8: =$G8*AQ8*IF($H8>50,18,36)+$F8*AQ8*IF($H8>50,4,8)+$E8*AQ8 -> 0 | CI8: =$G8*AP8*IF($H8>50,18,36)+$F8*AP8*IF($H8>50,4,8)+$E8*AP8 -> 0 | CJ8: =$G8*AO8*IF($H8>50,18,36)+$F8*AO8*IF($H8>50,4,8)+$E8*AO8 -> 0 | CK8: =$G8*AR8*IF($H8>50,18,36)+$F8*AR8*IF($H8>50,4,8)+$E8*AR8 -> 24 | CL8: =$G8*AS8*IF($H8>50,18,36)+$F8*AS8*IF($H8>50,4,8)+$E8*AS8 -> 0 | CM8: =$G8*AT8*IF($H8>50,18,36)+$F8*AT8*IF($H8>50,4,8)+$E8*AT8 -> 0 | CN8: =$G8*AU8*IF($H8>50,18,36)+$F8*AU8*IF($H8>50,4,8)+$E8*AU8 -> 0 | CO8: =$G8*AV8*IF($H8>50,18,36)+$F8*AV8*IF($H8>50,4,8)+$E8*AV8 -> 0 | CP8: =$G8*AW8*IF($H8>50,18,36)+$F8*AW8*IF($H8>50,4,8)+$E8*AW8 -> 48 | CQ8: =$G8*AX8*IF($H8>50,18,36)+$F8*AX8*IF($H8>50,4,8)+$E8*AX8 -> 0 | CR8: =$G8*AY8*IF($H8>50,18,36)+$F8*AY8*IF($H8>50,4,8)+$E8*AY8 -> 0 | ... CV8: =$G8*BC8*IF($H8>50,18,36)+$F8*BC8*IF($H8>50,4,8)+$E8*BC8 -> 24 | CX8: =O8*BH$2/($H8/50)^2 -> 0 | CY8: =P8*BI$2/($H8/50)^2 -> 0 | CZ8: =Q8*BJ$2/($H8/50)^2 -> 0 | DA8: =R8*BK$2/($H8/50)^2 -> 0 | DB8: =S8*BL$2/($H8/50)^2 -> 0 | DC8: =T8*BM$2/($H8/50)^2 -> 0 | DD8: =U8*BN$2/($H8/50)^2 -> 0 | DE8: =V8*BO$2/($H8/50)^2 -> 0 | ... DJ8: =AA8*BT$2/($H8/50)^2 -> 0 | DK8: =AC8*BU$2/($H8/50)^2 -> 0 | DL8: =AB8*BV$2/($H8/50)^2 -> 0 | DM8: =AD8*BW$2/($H8/50)^2 -> 0 | DN8: =AE8*BX$2/($H8/50)^2 -> 0 | DO8: =AI8*BY$2/($H8/50)^2 -> 0 | DP8: =AF8*BZ$2/($H8/50)^2 -> 0 | DQ8: =AH8*CA$2/($H8/50)^2 -> 0 | DR8: =AG8*CB$2/($H8/50)^2 -> 0 | DS8: =AJ8*CC$2/($H8/50)^2 -> 0 | DT8: =AM8*CD$2/($H8/50)^2 -> 0 | DU8: =AL8*CE$2/($H8/50)^2 -> 0 | DV8: =AK8*CF$2/($H8/50)^2 -> 0 | DW8: =AN8*CG$2/($H8/50)^2 -> 0 | DX8: =AQ8*CH$2/($H8/50)^2 -> 0 | DY8: =AP8*CI$2/($H8/50)^2 -> 0 | DZ8: =AO8*CJ$2/($H8/50)^2 -> 0 | EA8: =AR8*CK$2/($H8/50)^2 -> 15 | EB8: =AS8*CL$2/($H8/50)^2 -> 0 | EC8: =AT8*CM$2/($H8/50)^2 -> 0 | ED8: =AU8*CN$2/($H8/50)^2 -> 0 | EE8: =AV8*CO$2/($H8/50)^2 -> 0 | EF8: =AW8*CP$2/($H8/50)^2 -> 40 | EG8: =AX8*CQ$2/($H8/50)^2 -> 0 | EH8: =AY8*CR$2/($H8/50)^2 -> 0 | ... EL8: =BC8*CV$2/($H8/50)^2 -> 4
A9: Solvent Base | B9: =IF($C$2,SUMIF(I:I,A9,BG:BG),0) -> 0 | D9: =C9+B9 -> 0 | E9: =IF(ISBLANK(H9),0,IF($C$1,0,CEILING(D9-F9*H9*0.2-G9*H9,1))) -> 0 | F9: =IF(ISBLANK(H9),0,IF($C$1,0,FLOOR((D9-G9*H9)/(H9/5),1))) -> 0 | G9: =IF(ISBLANK(H9),0,IF($C$1,CEILING(D9/H9,1),FLOOR(D9/H9,1))) -> 0 | H9: 50 | J9: =K9*D9 -> 0 | K9: =CEILING(SUM(CX9:EL9),1)+IF(ISBLANK(I9),0,VLOOKUP(I9,A:K,11,FALSE)) -> 37 | L9: 200 | M9: - | Z9: 1 | AQ9: 1 | BC9: 1 | BE9: =IF(ISNUMBER(L9),$G9*L9*25+$F9*L9*10+$E9*L9,0) -> 0 | BF9: =IF(D9>0,M9,0) -> 0 | BG9: =$G9*N9*IF($H9>50,18,36)+$F9*N9*IF($H9>50,4,8)+$E9*N9 -> 0 | BH9: =$G9*O9*IF($H9>50,18,36)+$F9*O9*IF($H9>50,4,8)+$E9*O9 -> 0 | BI9: =$G9*P9*IF($H9>50,18,36)+$F9*P9*IF($H9>50,4,8)+$E9*P9 -> 0 | BJ9: =$G9*Q9*IF($H9>50,18,36)+$F9*Q9*IF($H9>50,4,8)+$E9*Q9 -> 0 | BK9: =$G9*R9*IF($H9>50,18,36)+$F9*R9*IF($H9>50,4,8)+$E9*R9 -> 0 | BL9: =$G9*S9*IF($H9>50,18,36)+$F9*S9*IF($H9>50,4,8)+$E9*S9 -> 0 | BM9: =$G9*T9*IF($H9>50,18,36)+$F9*T9*IF($H9>50,4,8)+$E9*T9 -> 0 | BN9: =$G9*U9*IF($H9>50,18,36)+$F9*U9*IF($H9>50,4,8)+$E9*U9 -> 0 | ... BT9: =$G9*AA9*IF($H9>50,18,36)+$F9*AA9*IF($H9>50,4,8)+$E9*AA9 -> 0 | BU9: =$G9*AC9*IF($H9>50,18,36)+$F9*AC9*IF($H9>50,4,8)+$E9*AC9 -> 0 | BV9: =$G9*AB9*IF($H9>50,18,36)+$F9*AB9*IF($H9>50,4,8)+$E9*AB9 -> 0 | BW9: =$G9*AD9*IF($H9>50,18,36)+$F9*AD9*IF($H9>50,4,8)+$E9*AD9 -> 0 | BX9: =$G9*AE9*IF($H9>50,18,36)+$F9*AE9*IF($H9>50,4,8)+$E9*AE9 -> 0 | BY9: =$G9*AI9*IF($H9>50,18,36)+$F9*AI9*IF($H9>50,4,8)+$E9*AI9 -> 0 | BZ9: =$G9*AF9*IF($H9>50,18,36)+$F9*AF9*IF($H9>50,4,8)+$E9*AF9 -> 0 | CA9: =$G9*AH9*IF($H9>50,18,36)+$F9*AH9*IF($H9>50,4,8)+$E9*AH9 -> 0 | CB9: =$G9*AG9*IF($H9>50,18,36)+$F9*AG9*IF($H9>50,4,8)+$E9*AG9 -> 0 | CC9: =$G9*AJ9*IF($H9>50,18,36)+$F9*AJ9*IF($H9>50,4,8)+$E9*AJ9 -> 0 | CD9: =$G9*AM9*IF($H9>50,18,36)+$F9*AM9*IF($H9>50,4,8)+$E9*AM9 -> 0 | CE9: =$G9*AL9*IF($H9>50,18,36)+$F9*AL9*IF($H9>50,4,8)+$E9*AL9 -> 0 | CF9: =$G9*AK9*IF($H9>50,18,36)+$F9*AK9*IF($H9>50,4,8)+$E9*AK9 -> 0 | CG9: =$G9*AN9*IF($H9>50,18,36)+$F9*AN9*IF($H9>50,4,8)+$E9*AN9 -> 0 | CH9: =$G9*AQ9*IF($H9>50,18,36)+$F9*AQ9*IF($H9>50,4,8)+$E9*AQ9 -> 0 | CI9: =$G9*AP9*IF($H9>50,18,36)+$F9*AP9*IF($H9>50,4,8)+$E9*AP9 -> 0 | CJ9: =$G9*AO9*IF($H9>50,18,36)+$F9*AO9*IF($H9>50,4,8)+$E9*AO9 -> 0 | CK9: =$G9*AR9*IF($H9>50,18,36)+$F9*AR9*IF($H9>50,4,8)+$E9*AR9 -> 0 | CL9: =$G9*AS9*IF($H9>50,18,36)+$F9*AS9*IF($H9>50,4,8)+$E9*AS9 -> 0 | CM9: =$G9*AT9*IF($H9>50,18,36)+$F9*AT9*IF($H9>50,4,8)+$E9*AT9 -> 0 | CN9: =$G9*AU9*IF($H9>50,18,36)+$F9*AU9*IF($H9>50,4,8)+$E9*AU9 -> 0 | CO9: =$G9*AV9*IF($H9>50,18,36)+$F9*AV9*IF($H9>50,4,8)+$E9*AV9 -> 0 | CP9: =$G9*AW9*IF($H9>50,18,36)+$F9*AW9*IF($H9>50,4,8)+$E9*AW9 -> 0 | CQ9: =$G9*AX9*IF($H9>50,18,36)+$F9*AX9*IF($H9>50,4,8)+$E9*AX9 -> 0 | CR9: =$G9*AY9*IF($H9>50,18,36)+$F9*AY9*IF($H9>50,4,8)+$E9*AY9 -> 0 | ... CV9: =$G9*BC9*IF($H9>50,18,36)+$F9*BC9*IF($H9>50,4,8)+$E9*BC9 -> 0 | CX9: =O9*BH$2/($H9/50)^2 -> 0 | CY9: =P9*BI$2/($H9/50)^2 -> 0 | CZ9: =Q9*BJ$2/($H9/50)^2 -> 0 | DA9: =R9*BK$2/($H9/50)^2 -> 0 | DB9: =S9*BL$2/($H9/50)^2 -> 0 | DC9: =T9*BM$2/($H9/50)^2 -> 0 | DD9: =U9*BN$2/($H9/50)^2 -> 0 | DE9: =V9*BO$2/($H9/50)^2 -> 0 | ... DJ9: =AA9*BT$2/($H9/50)^2 -> 0 | DK9: =AC9*BU$2/($H9/50)^2 -> 0 | DL9: =AB9*BV$2/($H9/50)^2 -> 0 | DM9: =AD9*BW$2/($H9/50)^2 -> 0 | DN9: =AE9*BX$2/($H9/50)^2 -> 0 | DO9: =AI9*BY$2/($H9/50)^2 -> 0 | DP9: =AF9*BZ$2/($H9/50)^2 -> 0 | DQ9: =AH9*CA$2/($H9/50)^2 -> 0 | DR9: =AG9*CB$2/($H9/50)^2 -> 0 | DS9: =AJ9*CC$2/($H9/50)^2 -> 0 | DT9: =AM9*CD$2/($H9/50)^2 -> 0 | DU9: =AL9*CE$2/($H9/50)^2 -> 0 | DV9: =AK9*CF$2/($H9/50)^2 -> 0 | DW9: =AN9*CG$2/($H9/50)^2 -> 0 | DX9: =AQ9*CH$2/($H9/50)^2 -> 30 | DY9: =AP9*CI$2/($H9/50)^2 -> 0 | DZ9: =AO9*CJ$2/($H9/50)^2 -> 0 | EA9: =AR9*CK$2/($H9/50)^2 -> 0 | EB9: =AS9*CL$2/($H9/50)^2 -> 0 | EC9: =AT9*CM$2/($H9/50)^2 -> 0 | ED9: =AU9*CN$2/($H9/50)^2 -> 0 | EE9: =AV9*CO$2/($H9/50)^2 -> 0 | EF9: =AW9*CP$2/($H9/50)^2 -> 0 | EG9: =AX9*CQ$2/($H9/50)^2 -> 0 | EH9: =AY9*CR$2/($H9/50)^2 -> 0 | ... EL9: =BC9*CV$2/($H9/50)^2 -> 4
A10: Resin Base | B10: =IF($C$2,SUMIF(I:I,A10,BG:BG),0) -> 61 | D10: =C10+B10 -> 61 | E10: =IF(ISBLANK(H10),0,IF($C$1,0,CEILING(D10-F10*H10*0.2-G10*H10,1))) -> 1 | F10: =IF(ISBLANK(H10),0,IF($C$1,0,FLOOR((D10-G10*H10)/(H10/5),1))) -> 1 | G10: =IF(ISBLANK(H10),0,IF($C$1,CEILING(D10/H10,1),FLOOR(D10/H10,1))) -> 1 | H10: 50 | J10: =K10*D10 -> 793 | K10: =CEILING(SUM(CX10:EL10),1)+IF(ISBLANK(I10),0,VLOOKUP(I10,A:K,11,FALSE)) -> 13 | L10: - | M10: - | P10: 1 | AV10: 1 | BC10: 1 | BE10: =IF(ISNUMBER(L10),$G10*L10*25+$F10*L10*10+$E10*L10,0) -> 0 | BF10: =IF(D10>0,M10,0) -> - | BG10: =$G10*N10*IF($H10>50,18,36)+$F10*N10*IF($H10>50,4,8)+$E10*N10 -> 0 | BH10: =$G10*O10*IF($H10>50,18,36)+$F10*O10*IF($H10>50,4,8)+$E10*O10 -> 0 | BI10: =$G10*P10*IF($H10>50,18,36)+$F10*P10*IF($H10>50,4,8)+$E10*P10 -> 45 | BJ10: =$G10*Q10*IF($H10>50,18,36)+$F10*Q10*IF($H10>50,4,8)+$E10*Q10 -> 0 | BK10: =$G10*R10*IF($H10>50,18,36)+$F10*R10*IF($H10>50,4,8)+$E10*R10 -> 0 | BL10: =$G10*S10*IF($H10>50,18,36)+$F10*S10*IF($H10>50,4,8)+$E10*S10 -> 0 | BM10: =$G10*T10*IF($H10>50,18,36)+$F10*T10*IF($H10>50,4,8)+$E10*T10 -> 0 | BN10: =$G10*U10*IF($H10>50,18,36)+$F10*U10*IF($H10>50,4,8)+$E10*U10 -> 0 | ... BT10: =$G10*AA10*IF($H10>50,18,36)+$F10*AA10*IF($H10>50,4,8)+$E10*AA10 -> 0 | BU10: =$G10*AC10*IF($H10>50,18,36)+$F10*AC10*IF($H10>50,4,8)+$E10*AC10 -> 0 | BV10: =$G10*AB10*IF($H10>50,18,36)+$F10*AB10*IF($H10>50,4,8)+$E10*AB10 -> 0 | BW10: =$G10*AD10*IF($H10>50,18,36)+$F10*AD10*IF($H10>50,4,8)+$E10*AD10 -> 0 | BX10: =$G10*AE10*IF($H10>50,18,36)+$F10*AE10*IF($H10>50,4,8)+$E10*AE10 -> 0 | BY10: =$G10*AI10*IF($H10>50,18,36)+$F10*AI10*IF($H10>50,4,8)+$E10*AI10 -> 0 | BZ10: =$G10*AF10*IF($H10>50,18,36)+$F10*AF10*IF($H10>50,4,8)+$E10*AF10 -> 0 | CA10: =$G10*AH10*IF($H10>50,18,36)+$F10*AH10*IF($H10>50,4,8)+$E10*AH10 -> 0 | CB10: =$G10*AG10*IF($H10>50,18,36)+$F10*AG10*IF($H10>50,4,8)+$E10*AG10 -> 0 | CC10: =$G10*AJ10*IF($H10>50,18,36)+$F10*AJ10*IF($H10>50,4,8)+$E10*AJ10 -> 0 | CD10: =$G10*AM10*IF($H10>50,18,36)+$F10*AM10*IF($H10>50,4,8)+$E10*AM10 -> 0 | CE10: =$G10*AL10*IF($H10>50,18,36)+$F10*AL10*IF($H10>50,4,8)+$E10*AL10 -> 0 | CF10: =$G10*AK10*IF($H10>50,18,36)+$F10*AK10*IF($H10>50,4,8)+$E10*AK10 -> 0 | CG10: =$G10*AN10*IF($H10>50,18,36)+$F10*AN10*IF($H10>50,4,8)+$E10*AN10 -> 0 | CH10: =$G10*AQ10*IF($H10>50,18,36)+$F10*AQ10*IF($H10>50,4,8)+$E10*AQ10 -> 0 | CI10: =$G10*AP10*IF($H10>50,18,36)+$F10*AP10*IF($H10>50,4,8)+$E10*AP10 -> 0 | CJ10: =$G10*AO10*IF($H10>50,18,36)+$F10*AO10*IF($H10>50,4,8)+$E10*AO10 -> 0 | CK10: =$G10*AR10*IF($H10>50,18,36)+$F10*AR10*IF($H10>50,4,8)+$E10*AR10 -> 0 | CL10: =$G10*AS10*IF($H10>50,18,36)+$F10*AS10*IF($H10>50,4,8)+$E10*AS10 -> 0 | CM10: =$G10*AT10*IF($H10>50,18,36)+$F10*AT10*IF($H10>50,4,8)+$E10*AT10 -> 0 | CN10: =$G10*AU10*IF($H10>50,18,36)+$F10*AU10*IF($H10>50,4,8)+$E10*AU10 -> 0 | CO10: =$G10*AV10*IF($H10>50,18,36)+$F10*AV10*IF($H10>50,4,8)+$E10*AV10 -> 45 | CP10: =$G10*AW10*IF($H10>50,18,36)+$F10*AW10*IF($H10>50,4,8)+$E10*AW10 -> 0 | CQ10: =$G10*AX10*IF($H10>50,18,36)+$F10*AX10*IF($H10>50,4,8)+$E10*AX10 -> 0 | CR10: =$G10*AY10*IF($H10>50,18,36)+$F10*AY10*IF($H10>50,4,8)+$E10*AY10 -> 0 | ... CV10: =$G10*BC10*IF($H10>50,18,36)+$F10*BC10*IF($H10>50,4,8)+$E10*BC10 -> 45 | CX10: =O10*BH$2/($H10/50)^2 -> 0 | CY10: =P10*BI$2/($H10/50)^2 -> 3 | CZ10: =Q10*BJ$2/($H10/50)^2 -> 0 | DA10: =R10*BK$2/($H10/50)^2 -> 0 | DB10: =S10*BL$2/($H10/50)^2 -> 0 | DC10: =T10*BM$2/($H10/50)^2 -> 0 | DD10: =U10*BN$2/($H10/50)^2 -> 0 | DE10: =V10*BO$2/($H10/50)^2 -> 0 | ... DJ10: =AA10*BT$2/($H10/50)^2 -> 0 | DK10: =AC10*BU$2/($H10/50)^2 -> 0 | DL10: =AB10*BV$2/($H10/50)^2 -> 0 | DM10: =AD10*BW$2/($H10/50)^2 -> 0 | DN10: =AE10*BX$2/($H10/50)^2 -> 0 | DO10: =AI10*BY$2/($H10/50)^2 -> 0 | DP10: =AF10*BZ$2/($H10/50)^2 -> 0 | DQ10: =AH10*CA$2/($H10/50)^2 -> 0 | DR10: =AG10*CB$2/($H10/50)^2 -> 0 | DS10: =AJ10*CC$2/($H10/50)^2 -> 0 | DT10: =AM10*CD$2/($H10/50)^2 -> 0 | DU10: =AL10*CE$2/($H10/50)^2 -> 0 | DV10: =AK10*CF$2/($H10/50)^2 -> 0 | DW10: =AN10*CG$2/($H10/50)^2 -> 0 | DX10: =AQ10*CH$2/($H10/50)^2 -> 0 | DY10: =AP10*CI$2/($H10/50)^2 -> 0 | DZ10: =AO10*CJ$2/($H10/50)^2 -> 0 | EA10: =AR10*CK$2/($H10/50)^2 -> 0 | EB10: =AS10*CL$2/($H10/50)^2 -> 0 | EC10: =AT10*CM$2/($H10/50)^2 -> 0 | ED10: =AU10*CN$2/($H10/50)^2 -> 0 | EE10: =AV10*CO$2/($H10/50)^2 -> 6 | EF10: =AW10*CP$2/($H10/50)^2 -> 0 | EG10: =AX10*CQ$2/($H10/50)^2 -> 0 | EH10: =AY10*CR$2/($H10/50)^2 -> 0 | ... EL10: =BC10*CV$2/($H10/50)^2 -> 4
A11: Special Gum | B11: =IF($C$2,SUMIF(I:I,A11,BG:BG),0) -> 0 | C11: 15 | D11: =C11+B11 -> 15 | E11: =IF(ISBLANK(H11),0,IF($C$1,0,CEILING(D11-F11*H11*0.2-G11*H11,1))) -> 15 | F11: =IF(ISBLANK(H11),0,IF($C$1,0,FLOOR((D11-G11*H11)/(H11/5),1))) -> 0 | G11: =IF(ISBLANK(H11),0,IF($C$1,CEILING(D11/H11,1),FLOOR(D11/H11,1))) -> 0 | H11: 100 | I11: =$A$7 -> Gum Base | J11: =K11*D11 -> 195 | K11: =CEILING(SUM(CX11:EL11),1)+IF(ISBLANK(I11),0,VLOOKUP(I11,A:K,11,FALSE)) -> 13 | L11: - | M11: - | N11: 1 | Z11: 1 | BE11: =IF(ISNUMBER(L11),$G11*L11*25+$F11*L11*10+$E11*L11,0) -> 0 | BF11: =IF(D11>0,M11,0) -> - | BG11: =$G11*N11*IF($H11>50,18,36)+$F11*N11*IF($H11>50,4,8)+$E11*N11 -> 15 | BH11: =$G11*O11*IF($H11>50,18,36)+$F11*O11*IF($H11>50,4,8)+$E11*O11 -> 0 | BI11: =$G11*P11*IF($H11>50,18,36)+$F11*P11*IF($H11>50,4,8)+$E11*P11 -> 0 | BJ11: =$G11*Q11*IF($H11>50,18,36)+$F11*Q11*IF($H11>50,4,8)+$E11*Q11 -> 0 | BK11: =$G11*R11*IF($H11>50,18,36)+$F11*R11*IF($H11>50,4,8)+$E11*R11 -> 0 | BL11: =$G11*S11*IF($H11>50,18,36)+$F11*S11*IF($H11>50,4,8)+$E11*S11 -> 0 | BM11: =$G11*T11*IF($H11>50,18,36)+$F11*T11*IF($H11>50,4,8)+$E11*T11 -> 0 | BN11: =$G11*U11*IF($H11>50,18,36)+$F11*U11*IF($H11>50,4,8)+$E11*U11 -> 0 | ... BT11: =$G11*AA11*IF($H11>50,18,36)+$F11*AA11*IF($H11>50,4,8)+$E11*AA11 -> 0 | BU11: =$G11*AC11*IF($H11>50,18,36)+$F11*AC11*IF($H11>50,4,8)+$E11*AC11 -> 0 | BV11: =$G11*AB11*IF($H11>50,18,36)+$F11*AB11*IF($H11>50,4,8)+$E11*AB11 -> 0 | BW11: =$G11*AD11*IF($H11>50,18,36)+$F11*AD11*IF($H11>50,4,8)+$E11*AD11 -> 0 | BX11: =$G11*AE11*IF($H11>50,18,36)+$F11*AE11*IF($H11>50,4,8)+$E11*AE11 -> 0 | BY11: =$G11*AI11*IF($H11>50,18,36)+$F11*AI11*IF($H11>50,4,8)+$E11*AI11 -> 0 | BZ11: =$G11*AF11*IF($H11>50,18,36)+$F11*AF11*IF($H11>50,4,8)+$E11*AF11 -> 0 | CA11: =$G11*AH11*IF($H11>50,18,36)+$F11*AH11*IF($H11>50,4,8)+$E11*AH11 -> 0 | CB11: =$G11*AG11*IF($H11>50,18,36)+$F11*AG11*IF($H11>50,4,8)+$E11*AG11 -> 0 | CC11: =$G11*AJ11*IF($H11>50,18,36)+$F11*AJ11*IF($H11>50,4,8)+$E11*AJ11 -> 0 | CD11: =$G11*AM11*IF($H11>50,18,36)+$F11*AM11*IF($H11>50,4,8)+$E11*AM11 -> 0 | CE11: =$G11*AL11*IF($H11>50,18,36)+$F11*AL11*IF($H11>50,4,8)+$E11*AL11 -> 0 | CF11: =$G11*AK11*IF($H11>50,18,36)+$F11*AK11*IF($H11>50,4,8)+$E11*AK11 -> 0 | CG11: =$G11*AN11*IF($H11>50,18,36)+$F11*AN11*IF($H11>50,4,8)+$E11*AN11 -> 0 | CH11: =$G11*AQ11*IF($H11>50,18,36)+$F11*AQ11*IF($H11>50,4,8)+$E11*AQ11 -> 0 | CI11: =$G11*AP11*IF($H11>50,18,36)+$F11*AP11*IF($H11>50,4,8)+$E11*AP11 -> 0 | CJ11: =$G11*AO11*IF($H11>50,18,36)+$F11*AO11*IF($H11>50,4,8)+$E11*AO11 -> 0 | CK11: =$G11*AR11*IF($H11>50,18,36)+$F11*AR11*IF($H11>50,4,8)+$E11*AR11 -> 0 | CL11: =$G11*AS11*IF($H11>50,18,36)+$F11*AS11*IF($H11>50,4,8)+$E11*AS11 -> 0 | CM11: =$G11*AT11*IF($H11>50,18,36)+$F11*AT11*IF($H11>50,4,8)+$E11*AT11 -> 0 | CN11: =$G11*AU11*IF($H11>50,18,36)+$F11*AU11*IF($H11>50,4,8)+$E11*AU11 -> 0 | CO11: =$G11*AV11*IF($H11>50,18,36)+$F11*AV11*IF($H11>50,4,8)+$E11*AV11 -> 0 | CP11: =$G11*AW11*IF($H11>50,18,36)+$F11*AW11*IF($H11>50,4,8)+$E11*AW11 -> 0 | CQ11: =$G11*AX11*IF($H11>50,18,36)+$F11*AX11*IF($H11>50,4,8)+$E11*AX11 -> 0 | CR11: =$G11*AY11*IF($H11>50,18,36)+$F11*AY11*IF($H11>50,4,8)+$E11*AY11 -> 0 | ... CV11: =$G11*BC11*IF($H11>50,18,36)+$F11*BC11*IF($H11>50,4,8)+$E11*BC11 -> 0 | CX11: =O11*BH$2/($H11/50)^2 -> 0 | CY11: =P11*BI$2/($H11/50)^2 -> 0 | CZ11: =Q11*BJ$2/($H11/50)^2 -> 0 | DA11: =R11*BK$2/($H11/50)^2 -> 0 | DB11: =S11*BL$2/($H11/50)^2 -> 0 | DC11: =T11*BM$2/($H11/50)^2 -> 0 | DD11: =U11*BN$2/($H11/50)^2 -> 0 | DE11: =V11*BO$2/($H11/50)^2 -> 0 | ... DJ11: =AA11*BT$2/($H11/50)^2 -> 0 | DK11: =AC11*BU$2/($H11/50)^2 -> 0 | DL11: =AB11*BV$2/($H11/50)^2 -> 0 | DM11: =AD11*BW$2/($H11/50)^2 -> 0 | DN11: =AE11*BX$2/($H11/50)^2 -> 0 | DO11: =AI11*BY$2/($H11/50)^2 -> 0 | DP11: =AF11*BZ$2/($H11/50)^2 -> 0 | DQ11: =AH11*CA$2/($H11/50)^2 -> 0 | DR11: =AG11*CB$2/($H11/50)^2 -> 0 | DS11: =AJ11*CC$2/($H11/50)^2 -> 0 | DT11: =AM11*CD$2/($H11/50)^2 -> 0 | DU11: =AL11*CE$2/($H11/50)^2 -> 0 | DV11: =AK11*CF$2/($H11/50)^2 -> 0 | DW11: =AN11*CG$2/($H11/50)^2 -> 0 | DX11: =AQ11*CH$2/($H11/50)^2 -> 0 | DY11: =AP11*CI$2/($H11/50)^2 -> 0 | DZ11: =AO11*CJ$2/($H11/50)^2 -> 0 | EA11: =AR11*CK$2/($H11/50)^2 -> 0 | EB11: =AS11*CL$2/($H11/50)^2 -> 0 | EC11: =AT11*CM$2/($H11/50)^2 -> 0 | ED11: =AU11*CN$2/($H11/50)^2 -> 0 | EE11: =AV11*CO$2/($H11/50)^2 -> 0 | EF11: =AW11*CP$2/($H11/50)^2 -> 0 | EG11: =AX11*CQ$2/($H11/50)^2 -> 0 | EH11: =AY11*CR$2/($H11/50)^2 -> 0 | ... EL11: =BC11*CV$2/($H11/50)^2 -> 0
A12: Effect Gum | B12: =IF($C$2,SUMIF(I:I,A12,BG:BG),0) -> 0 | C12: 10 | D12: =C12+B12 -> 10 | E12: =IF(ISBLANK(H12),0,IF($C$1,0,CEILING(D12-F12*H12*0.2-G12*H12,1))) -> 10 | F12: =IF(ISBLANK(H12),0,IF($C$1,0,FLOOR((D12-G12*H12)/(H12/5),1))) -> 0 | G12: =IF(ISBLANK(H12),0,IF($C$1,CEILING(D12/H12,1),FLOOR(D12/H12,1))) -> 0 | H12: 100 | I12: =$A$7 -> Gum Base | J12: =K12*D12 -> 220 | K12: =CEILING(SUM(CX12:EL12),1)+IF(ISBLANK(I12),0,VLOOKUP(I12,A:K,11,FALSE)) -> 22 | L12: - | M12: - | N12: 1 | AG12: 1 | BE12: =IF(ISNUMBER(L12),$G12*L12*25+$F12*L12*10+$E12*L12,0) -> 0 | BF12: =IF(D12>0,M12,0) -> - | BG12: =$G12*N12*IF($H12>50,18,36)+$F12*N12*IF($H12>50,4,8)+$E12*N12 -> 10 | BH12: =$G12*O12*IF($H12>50,18,36)+$F12*O12*IF($H12>50,4,8)+$E12*O12 -> 0 | BI12: =$G12*P12*IF($H12>50,18,36)+$F12*P12*IF($H12>50,4,8)+$E12*P12 -> 0 | BJ12: =$G12*Q12*IF($H12>50,18,36)+$F12*Q12*IF($H12>50,4,8)+$E12*Q12 -> 0 | BK12: =$G12*R12*IF($H12>50,18,36)+$F12*R12*IF($H12>50,4,8)+$E12*R12 -> 0 | BL12: =$G12*S12*IF($H12>50,18,36)+$F12*S12*IF($H12>50,4,8)+$E12*S12 -> 0 | BM12: =$G12*T12*IF($H12>50,18,36)+$F12*T12*IF($H12>50,4,8)+$E12*T12 -> 0 | BN12: =$G12*U12*IF($H12>50,18,36)+$F12*U12*IF($H12>50,4,8)+$E12*U12 -> 0 | ... BT12: =$G12*AA12*IF($H12>50,18,36)+$F12*AA12*IF($H12>50,4,8)+$E12*AA12 -> 0 | BU12: =$G12*AC12*IF($H12>50,18,36)+$F12*AC12*IF($H12>50,4,8)+$E12*AC12 -> 0 | BV12: =$G12*AB12*IF($H12>50,18,36)+$F12*AB12*IF($H12>50,4,8)+$E12*AB12 -> 0 | BW12: =$G12*AD12*IF($H12>50,18,36)+$F12*AD12*IF($H12>50,4,8)+$E12*AD12 -> 0 | BX12: =$G12*AE12*IF($H12>50,18,36)+$F12*AE12*IF($H12>50,4,8)+$E12*AE12 -> 0 | BY12: =$G12*AI12*IF($H12>50,18,36)+$F12*AI12*IF($H12>50,4,8)+$E12*AI12 -> 0 | BZ12: =$G12*AF12*IF($H12>50,18,36)+$F12*AF12*IF($H12>50,4,8)+$E12*AF12 -> 0 | CA12: =$G12*AH12*IF($H12>50,18,36)+$F12*AH12*IF($H12>50,4,8)+$E12*AH12 -> 0 | CB12: =$G12*AG12*IF($H12>50,18,36)+$F12*AG12*IF($H12>50,4,8)+$E12*AG12 -> 10 | CC12: =$G12*AJ12*IF($H12>50,18,36)+$F12*AJ12*IF($H12>50,4,8)+$E12*AJ12 -> 0 | CD12: =$G12*AM12*IF($H12>50,18,36)+$F12*AM12*IF($H12>50,4,8)+$E12*AM12 -> 0 | CE12: =$G12*AL12*IF($H12>50,18,36)+$F12*AL12*IF($H12>50,4,8)+$E12*AL12 -> 0 | CF12: =$G12*AK12*IF($H12>50,18,36)+$F12*AK12*IF($H12>50,4,8)+$E12*AK12 -> 0 | CG12: =$G12*AN12*IF($H12>50,18,36)+$F12*AN12*IF($H12>50,4,8)+$E12*AN12 -> 0 | CH12: =$G12*AQ12*IF($H12>50,18,36)+$F12*AQ12*IF($H12>50,4,8)+$E12*AQ12 -> 0 | CI12: =$G12*AP12*IF($H12>50,18,36)+$F12*AP12*IF($H12>50,4,8)+$E12*AP12 -> 0 | CJ12: =$G12*AO12*IF($H12>50,18,36)+$F12*AO12*IF($H12>50,4,8)+$E12*AO12 -> 0 | CK12: =$G12*AR12*IF($H12>50,18,36)+$F12*AR12*IF($H12>50,4,8)+$E12*AR12 -> 0 | CL12: =$G12*AS12*IF($H12>50,18,36)+$F12*AS12*IF($H12>50,4,8)+$E12*AS12 -> 0 | CM12: =$G12*AT12*IF($H12>50,18,36)+$F12*AT12*IF($H12>50,4,8)+$E12*AT12 -> 0 | CN12: =$G12*AU12*IF($H12>50,18,36)+$F12*AU12*IF($H12>50,4,8)+$E12*AU12 -> 0 | CO12: =$G12*AV12*IF($H12>50,18,36)+$F12*AV12*IF($H12>50,4,8)+$E12*AV12 -> 0 | CP12: =$G12*AW12*IF($H12>50,18,36)+$F12*AW12*IF($H12>50,4,8)+$E12*AW12 -> 0 | CQ12: =$G12*AX12*IF($H12>50,18,36)+$F12*AX12*IF($H12>50,4,8)+$E12*AX12 -> 0 | CR12: =$G12*AY12*IF($H12>50,18,36)+$F12*AY12*IF($H12>50,4,8)+$E12*AY12 -> 0 | ... CV12: =$G12*BC12*IF($H12>50,18,36)+$F12*BC12*IF($H12>50,4,8)+$E12*BC12 -> 0 | CX12: =O12*BH$2/($H12/50)^2 -> 0 | CY12: =P12*BI$2/($H12/50)^2 -> 0 | CZ12: =Q12*BJ$2/($H12/50)^2 -> 0 | DA12: =R12*BK$2/($H12/50)^2 -> 0 | DB12: =S12*BL$2/($H12/50)^2 -> 0 | DC12: =T12*BM$2/($H12/50)^2 -> 0 | DD12: =U12*BN$2/($H12/50)^2 -> 0 | DE12: =V12*BO$2/($H12/50)^2 -> 0 | ... DJ12: =AA12*BT$2/($H12/50)^2 -> 0 | DK12: =AC12*BU$2/($H12/50)^2 -> 0 | DL12: =AB12*BV$2/($H12/50)^2 -> 0 | DM12: =AD12*BW$2/($H12/50)^2 -> 0 | DN12: =AE12*BX$2/($H12/50)^2 -> 0 | DO12: =AI12*BY$2/($H12/50)^2 -> 0 | DP12: =AF12*BZ$2/($H12/50)^2 -> 0 | DQ12: =AH12*CA$2/($H12/50)^2 -> 0 | DR12: =AG12*CB$2/($H12/50)^2 -> 10 | DS12: =AJ12*CC$2/($H12/50)^2 -> 0 | DT12: =AM12*CD$2/($H12/50)^2 -> 0 | DU12: =AL12*CE$2/($H12/50)^2 -> 0 | DV12: =AK12*CF$2/($H12/50)^2 -> 0 | DW12: =AN12*CG$2/($H12/50)^2 -> 0 | DX12: =AQ12*CH$2/($H12/50)^2 -> 0 | DY12: =AP12*CI$2/($H12/50)^2 -> 0 | DZ12: =AO12*CJ$2/($H12/50)^2 -> 0 | EA12: =AR12*CK$2/($H12/50)^2 -> 0 | EB12: =AS12*CL$2/($H12/50)^2 -> 0 | EC12: =AT12*CM$2/($H12/50)^2 -> 0 | ED12: =AU12*CN$2/($H12/50)^2 -> 0 | EE12: =AV12*CO$2/($H12/50)^2 -> 0 | EF12: =AW12*CP$2/($H12/50)^2 -> 0 | EG12: =AX12*CQ$2/($H12/50)^2 -> 0 | EH12: =AY12*CR$2/($H12/50)^2 -> 0 | ... EL12: =BC12*CV$2/($H12/50)^2 -> 0
A13: Longevity Gum | B13: =IF($C$2,SUMIF(I:I,A13,BG:BG),0) -> 0 | D13: =C13+B13 -> 0 | E13: =IF(ISBLANK(H13),0,IF($C$1,0,CEILING(D13-F13*H13*0.2-G13*H13,1))) -> 0 | F13: =IF(ISBLANK(H13),0,IF($C$1,0,FLOOR((D13-G13*H13)/(H13/5),1))) -> 0 | G13: =IF(ISBLANK(H13),0,IF($C$1,CEILING(D13/H13,1),FLOOR(D13/H13,1))) -> 0 | H13: 100 | I13: =$A$7 -> Gum Base | J13: =K13*D13 -> 0 | K13: =CEILING(SUM(CX13:EL13),1)+IF(ISBLANK(I13),0,VLOOKUP(I13,A:K,11,FALSE)) -> 13 | L13: - | M13: - | N13: 1 | X13: 1 | BE13: =IF(ISNUMBER(L13),$G13*L13*25+$F13*L13*10+$E13*L13,0) -> 0 | BF13: =IF(D13>0,M13,0) -> 0 | BG13: =$G13*N13*IF($H13>50,18,36)+$F13*N13*IF($H13>50,4,8)+$E13*N13 -> 0 | BH13: =$G13*O13*IF($H13>50,18,36)+$F13*O13*IF($H13>50,4,8)+$E13*O13 -> 0 | BI13: =$G13*P13*IF($H13>50,18,36)+$F13*P13*IF($H13>50,4,8)+$E13*P13 -> 0 | BJ13: =$G13*Q13*IF($H13>50,18,36)+$F13*Q13*IF($H13>50,4,8)+$E13*Q13 -> 0 | BK13: =$G13*R13*IF($H13>50,18,36)+$F13*R13*IF($H13>50,4,8)+$E13*R13 -> 0 | BL13: =$G13*S13*IF($H13>50,18,36)+$F13*S13*IF($H13>50,4,8)+$E13*S13 -> 0 | BM13: =$G13*T13*IF($H13>50,18,36)+$F13*T13*IF($H13>50,4,8)+$E13*T13 -> 0 | BN13: =$G13*U13*IF($H13>50,18,36)+$F13*U13*IF($H13>50,4,8)+$E13*U13 -> 0 | ... BT13: =$G13*AA13*IF($H13>50,18,36)+$F13*AA13*IF($H13>50,4,8)+$E13*AA13 -> 0 | BU13: =$G13*AC13*IF($H13>50,18,36)+$F13*AC13*IF($H13>50,4,8)+$E13*AC13 -> 0 | BV13: =$G13*AB13*IF($H13>50,18,36)+$F13*AB13*IF($H13>50,4,8)+$E13*AB13 -> 0 | BW13: =$G13*AD13*IF($H13>50,18,36)+$F13*AD13*IF($H13>50,4,8)+$E13*AD13 -> 0 | BX13: =$G13*AE13*IF($H13>50,18,36)+$F13*AE13*IF($H13>50,4,8)+$E13*AE13 -> 0 | BY13: =$G13*AI13*IF($H13>50,18,36)+$F13*AI13*IF($H13>50,4,8)+$E13*AI13 -> 0 | BZ13: =$G13*AF13*IF($H13>50,18,36)+$F13*AF13*IF($H13>50,4,8)+$E13*AF13 -> 0 | CA13: =$G13*AH13*IF($H13>50,18,36)+$F13*AH13*IF($H13>50,4,8)+$E13*AH13 -> 0 | CB13: =$G13*AG13*IF($H13>50,18,36)+$F13*AG13*IF($H13>50,4,8)+$E13*AG13 -> 0 | CC13: =$G13*AJ13*IF($H13>50,18,36)+$F13*AJ13*IF($H13>50,4,8)+$E13*AJ13 -> 0 | CD13: =$G13*AM13*IF($H13>50,18,36)+$F13*AM13*IF($H13>50,4,8)+$E13*AM13 -> 0 | CE13: =$G13*AL13*IF($H13>50,18,36)+$F13*AL13*IF($H13>50,4,8)+$E13*AL13 -> 0 | CF13: =$G13*AK13*IF($H13>50,18,36)+$F13*AK13*IF($H13>50,4,8)+$E13*AK13 -> 0 | CG13: =$G13*AN13*IF($H13>50,18,36)+$F13*AN13*IF($H13>50,4,8)+$E13*AN13 -> 0 | CH13: =$G13*AQ13*IF($H13>50,18,36)+$F13*AQ13*IF($H13>50,4,8)+$E13*AQ13 -> 0 | CI13: =$G13*AP13*IF($H13>50,18,36)+$F13*AP13*IF($H13>50,4,8)+$E13*AP13 -> 0 | CJ13: =$G13*AO13*IF($H13>50,18,36)+$F13*AO13*IF($H13>50,4,8)+$E13*AO13 -> 0 | CK13: =$G13*AR13*IF($H13>50,18,36)+$F13*AR13*IF($H13>50,4,8)+$E13*AR13 -> 0 | CL13: =$G13*AS13*IF($H13>50,18,36)+$F13*AS13*IF($H13>50,4,8)+$E13*AS13 -> 0 | CM13: =$G13*AT13*IF($H13>50,18,36)+$F13*AT13*IF($H13>50,4,8)+$E13*AT13 -> 0 | CN13: =$G13*AU13*IF($H13>50,18,36)+$F13*AU13*IF($H13>50,4,8)+$E13*AU13 -> 0 | CO13: =$G13*AV13*IF($H13>50,18,36)+$F13*AV13*IF($H13>50,4,8)+$E13*AV13 -> 0 | CP13: =$G13*AW13*IF($H13>50,18,36)+$F13*AW13*IF($H13>50,4,8)+$E13*AW13 -> 0 | CQ13: =$G13*AX13*IF($H13>50,18,36)+$F13*AX13*IF($H13>50,4,8)+$E13*AX13 -> 0 | CR13: =$G13*AY13*IF($H13>50,18,36)+$F13*AY13*IF($H13>50,4,8)+$E13*AY13 -> 0 | ... CV13: =$G13*BC13*IF($H13>50,18,36)+$F13*BC13*IF($H13>50,4,8)+$E13*BC13 -> 0 | CX13: =O13*BH$2/($H13/50)^2 -> 0 | CY13: =P13*BI$2/($H13/50)^2 -> 0 | CZ13: =Q13*BJ$2/($H13/50)^2 -> 0 | DA13: =R13*BK$2/($H13/50)^2 -> 0 | DB13: =S13*BL$2/($H13/50)^2 -> 0 | DC13: =T13*BM$2/($H13/50)^2 -> 0 | DD13: =U13*BN$2/($H13/50)^2 -> 0 | DE13: =V13*BO$2/($H13/50)^2 -> 0 | ... DJ13: =AA13*BT$2/($H13/50)^2 -> 0 | DK13: =AC13*BU$2/($H13/50)^2 -> 0 | DL13: =AB13*BV$2/($H13/50)^2 -> 0 | DM13: =AD13*BW$2/($H13/50)^2 -> 0 | DN13: =AE13*BX$2/($H13/50)^2 -> 0 | DO13: =AI13*BY$2/($H13/50)^2 -> 0 | DP13: =AF13*BZ$2/($H13/50)^2 -> 0 | DQ13: =AH13*CA$2/($H13/50)^2 -> 0 | DR13: =AG13*CB$2/($H13/50)^2 -> 0 | DS13: =AJ13*CC$2/($H13/50)^2 -> 0 | DT13: =AM13*CD$2/($H13/50)^2 -> 0 | DU13: =AL13*CE$2/($H13/50)^2 -> 0 | DV13: =AK13*CF$2/($H13/50)^2 -> 0 | DW13: =AN13*CG$2/($H13/50)^2 -> 0 | DX13: =AQ13*CH$2/($H13/50)^2 -> 0 | DY13: =AP13*CI$2/($H13/50)^2 -> 0 | DZ13: =AO13*CJ$2/($H13/50)^2 -> 0 | EA13: =AR13*CK$2/($H13/50)^2 -> 0 | EB13: =AS13*CL$2/($H13/50)^2 -> 0 | EC13: =AT13*CM$2/($H13/50)^2 -> 0 | ED13: =AU13*CN$2/($H13/50)^2 -> 0 | EE13: =AV13*CO$2/($H13/50)^2 -> 0 | EF13: =AW13*CP$2/($H13/50)^2 -> 0 | EG13: =AX13*CQ$2/($H13/50)^2 -> 0 | EH13: =AY13*CR$2/($H13/50)^2 -> 0 | ... EL13: =BC13*CV$2/($H13/50)^2 -> 0
A14: Ease Gum | B14: =IF($C$2,SUMIF(I:I,A14,BG:BG),0) -> 0 | D14: =C14+B14 -> 0 | E14: =IF(ISBLANK(H14),0,IF($C$1,0,CEILING(D14-F14*H14*0.2-G14*H14,1))) -> 0 | F14: =IF(ISBLANK(H14),0,IF($C$1,0,FLOOR((D14-G14*H14)/(H14/5),1))) -> 0 | G14: =IF(ISBLANK(H14),0,IF($C$1,CEILING(D14/H14,1),FLOOR(D14/H14,1))) -> 0 | H14: 100 | I14: =$A$7 -> Gum Base | J14: =K14*D14 -> 0 | K14: =CEILING(SUM(CX14:EL14),1)+IF(ISBLANK(I14),0,VLOOKUP(I14,A:K,11,FALSE)) -> 13 | L14: - | M14: - | N14: 1 | Y14: 1 | BE14: =IF(ISNUMBER(L14),$G14*L14*25+$F14*L14*10+$E14*L14,0) -> 0 | BF14: =IF(D14>0,M14,0) -> 0 | BG14: =$G14*N14*IF($H14>50,18,36)+$F14*N14*IF($H14>50,4,8)+$E14*N14 -> 0 | BH14: =$G14*O14*IF($H14>50,18,36)+$F14*O14*IF($H14>50,4,8)+$E14*O14 -> 0 | BI14: =$G14*P14*IF($H14>50,18,36)+$F14*P14*IF($H14>50,4,8)+$E14*P14 -> 0 | BJ14: =$G14*Q14*IF($H14>50,18,36)+$F14*Q14*IF($H14>50,4,8)+$E14*Q14 -> 0 | BK14: =$G14*R14*IF($H14>50,18,36)+$F14*R14*IF($H14>50,4,8)+$E14*R14 -> 0 | BL14: =$G14*S14*IF($H14>50,18,36)+$F14*S14*IF($H14>50,4,8)+$E14*S14 -> 0 | BM14: =$G14*T14*IF($H14>50,18,36)+$F14*T14*IF($H14>50,4,8)+$E14*T14 -> 0 | BN14: =$G14*U14*IF($H14>50,18,36)+$F14*U14*IF($H14>50,4,8)+$E14*U14 -> 0 | ... BT14: =$G14*AA14*IF($H14>50,18,36)+$F14*AA14*IF($H14>50,4,8)+$E14*AA14 -> 0 | BU14: =$G14*AC14*IF($H14>50,18,36)+$F14*AC14*IF($H14>50,4,8)+$E14*AC14 -> 0 | BV14: =$G14*AB14*IF($H14>50,18,36)+$F14*AB14*IF($H14>50,4,8)+$E14*AB14 -> 0 | BW14: =$G14*AD14*IF($H14>50,18,36)+$F14*AD14*IF($H14>50,4,8)+$E14*AD14 -> 0 | BX14: =$G14*AE14*IF($H14>50,18,36)+$F14*AE14*IF($H14>50,4,8)+$E14*AE14 -> 0 | BY14: =$G14*AI14*IF($H14>50,18,36)+$F14*AI14*IF($H14>50,4,8)+$E14*AI14 -> 0 | BZ14: =$G14*AF14*IF($H14>50,18,36)+$F14*AF14*IF($H14>50,4,8)+$E14*AF14 -> 0 | CA14: =$G14*AH14*IF($H14>50,18,36)+$F14*AH14*IF($H14>50,4,8)+$E14*AH14 -> 0 | CB14: =$G14*AG14*IF($H14>50,18,36)+$F14*AG14*IF($H14>50,4,8)+$E14*AG14 -> 0 | CC14: =$G14*AJ14*IF($H14>50,18,36)+$F14*AJ14*IF($H14>50,4,8)+$E14*AJ14 -> 0 | CD14: =$G14*AM14*IF($H14>50,18,36)+$F14*AM14*IF($H14>50,4,8)+$E14*AM14 -> 0 | CE14: =$G14*AL14*IF($H14>50,18,36)+$F14*AL14*IF($H14>50,4,8)+$E14*AL14 -> 0 | CF14: =$G14*AK14*IF($H14>50,18,36)+$F14*AK14*IF($H14>50,4,8)+$E14*AK14 -> 0 | CG14: =$G14*AN14*IF($H14>50,18,36)+$F14*AN14*IF($H14>50,4,8)+$E14*AN14 -> 0 | CH14: =$G14*AQ14*IF($H14>50,18,36)+$F14*AQ14*IF($H14>50,4,8)+$E14*AQ14 -> 0 | CI14: =$G14*AP14*IF($H14>50,18,36)+$F14*AP14*IF($H14>50,4,8)+$E14*AP14 -> 0 | CJ14: =$G14*AO14*IF($H14>50,18,36)+$F14*AO14*IF($H14>50,4,8)+$E14*AO14 -> 0 | CK14: =$G14*AR14*IF($H14>50,18,36)+$F14*AR14*IF($H14>50,4,8)+$E14*AR14 -> 0 | CL14: =$G14*AS14*IF($H14>50,18,36)+$F14*AS14*IF($H14>50,4,8)+$E14*AS14 -> 0 | CM14: =$G14*AT14*IF($H14>50,18,36)+$F14*AT14*IF($H14>50,4,8)+$E14*AT14 -> 0 | CN14: =$G14*AU14*IF($H14>50,18,36)+$F14*AU14*IF($H14>50,4,8)+$E14*AU14 -> 0 | CO14: =$G14*AV14*IF($H14>50,18,36)+$F14*AV14*IF($H14>50,4,8)+$E14*AV14 -> 0 | CP14: =$G14*AW14*IF($H14>50,18,36)+$F14*AW14*IF($H14>50,4,8)+$E14*AW14 -> 0 | CQ14: =$G14*AX14*IF($H14>50,18,36)+$F14*AX14*IF($H14>50,4,8)+$E14*AX14 -> 0 | CR14: =$G14*AY14*IF($H14>50,18,36)+$F14*AY14*IF($H14>50,4,8)+$E14*AY14 -> 0 | ... CV14: =$G14*BC14*IF($H14>50,18,36)+$F14*BC14*IF($H14>50,4,8)+$E14*BC14 -> 0 | CX14: =O14*BH$2/($H14/50)^2 -> 0 | CY14: =P14*BI$2/($H14/50)^2 -> 0 | CZ14: =Q14*BJ$2/($H14/50)^2 -> 0 | DA14: =R14*BK$2/($H14/50)^2 -> 0 | DB14: =S14*BL$2/($H14/50)^2 -> 0 | DC14: =T14*BM$2/($H14/50)^2 -> 0 | DD14: =U14*BN$2/($H14/50)^2 -> 0 | DE14: =V14*BO$2/($H14/50)^2 -> 0 | ... DJ14: =AA14*BT$2/($H14/50)^2 -> 0 | DK14: =AC14*BU$2/($H14/50)^2 -> 0 | DL14: =AB14*BV$2/($H14/50)^2 -> 0 | DM14: =AD14*BW$2/($H14/50)^2 -> 0 | DN14: =AE14*BX$2/($H14/50)^2 -> 0 | DO14: =AI14*BY$2/($H14/50)^2 -> 0 | DP14: =AF14*BZ$2/($H14/50)^2 -> 0 | DQ14: =AH14*CA$2/($H14/50)^2 -> 0 | DR14: =AG14*CB$2/($H14/50)^2 -> 0 | DS14: =AJ14*CC$2/($H14/50)^2 -> 0 | DT14: =AM14*CD$2/($H14/50)^2 -> 0 | DU14: =AL14*CE$2/($H14/50)^2 -> 0 | DV14: =AK14*CF$2/($H14/50)^2 -> 0 | DW14: =AN14*CG$2/($H14/50)^2 -> 0 | DX14: =AQ14*CH$2/($H14/50)^2 -> 0 | DY14: =AP14*CI$2/($H14/50)^2 -> 0 | DZ14: =AO14*CJ$2/($H14/50)^2 -> 0 | EA14: =AR14*CK$2/($H14/50)^2 -> 0 | EB14: =AS14*CL$2/($H14/50)^2 -> 0 | EC14: =AT14*CM$2/($H14/50)^2 -> 0 | ED14: =AU14*CN$2/($H14/50)^2 -> 0 | EE14: =AV14*CO$2/($H14/50)^2 -> 0 | EF14: =AW14*CP$2/($H14/50)^2 -> 0 | EG14: =AX14*CQ$2/($H14/50)^2 -> 0 | EH14: =AY14*CR$2/($H14/50)^2 -> 0 | ... EL14: =BC14*CV$2/($H14/50)^2 -> 0
A15: Lightness Gum | B15: =IF($C$2,SUMIF(I:I,A15,BG:BG),0) -> 0 | C15: 3 | D15: =C15+B15 -> 3 | E15: =IF(ISBLANK(H15),0,IF($C$1,0,CEILING(D15-F15*H15*0.2-G15*H15,1))) -> 3 | F15: =IF(ISBLANK(H15),0,IF($C$1,0,FLOOR((D15-G15*H15)/(H15/5),1))) -> 0 | G15: =IF(ISBLANK(H15),0,IF($C$1,CEILING(D15/H15,1),FLOOR(D15/H15,1))) -> 0 | H15: 100 | I15: =$A$7 -> Gum Base | J15: =K15*D15 -> 63 | K15: =CEILING(SUM(CX15:EL15),1)+IF(ISBLANK(I15),0,VLOOKUP(I15,A:K,11,FALSE)) -> 21 | L15: - | M15: - | N15: 1 | AH15: 1 | BE15: =IF(ISNUMBER(L15),$G15*L15*25+$F15*L15*10+$E15*L15,0) -> 0 | BF15: =IF(D15>0,M15,0) -> - | BG15: =$G15*N15*IF($H15>50,18,36)+$F15*N15*IF($H15>50,4,8)+$E15*N15 -> 3 | BH15: =$G15*O15*IF($H15>50,18,36)+$F15*O15*IF($H15>50,4,8)+$E15*O15 -> 0 | BI15: =$G15*P15*IF($H15>50,18,36)+$F15*P15*IF($H15>50,4,8)+$E15*P15 -> 0 | BJ15: =$G15*Q15*IF($H15>50,18,36)+$F15*Q15*IF($H15>50,4,8)+$E15*Q15 -> 0 | BK15: =$G15*R15*IF($H15>50,18,36)+$F15*R15*IF($H15>50,4,8)+$E15*R15 -> 0 | BL15: =$G15*S15*IF($H15>50,18,36)+$F15*S15*IF($H15>50,4,8)+$E15*S15 -> 0 | BM15: =$G15*T15*IF($H15>50,18,36)+$F15*T15*IF($H15>50,4,8)+$E15*T15 -> 0 | BN15: =$G15*U15*IF($H15>50,18,36)+$F15*U15*IF($H15>50,4,8)+$E15*U15 -> 0 | ... BT15: =$G15*AA15*IF($H15>50,18,36)+$F15*AA15*IF($H15>50,4,8)+$E15*AA15 -> 0 | BU15: =$G15*AC15*IF($H15>50,18,36)+$F15*AC15*IF($H15>50,4,8)+$E15*AC15 -> 0 | BV15: =$G15*AB15*IF($H15>50,18,36)+$F15*AB15*IF($H15>50,4,8)+$E15*AB15 -> 0 | BW15: =$G15*AD15*IF($H15>50,18,36)+$F15*AD15*IF($H15>50,4,8)+$E15*AD15 -> 0 | BX15: =$G15*AE15*IF($H15>50,18,36)+$F15*AE15*IF($H15>50,4,8)+$E15*AE15 -> 0 | BY15: =$G15*AI15*IF($H15>50,18,36)+$F15*AI15*IF($H15>50,4,8)+$E15*AI15 -> 0 | BZ15: =$G15*AF15*IF($H15>50,18,36)+$F15*AF15*IF($H15>50,4,8)+$E15*AF15 -> 0 | CA15: =$G15*AH15*IF($H15>50,18,36)+$F15*AH15*IF($H15>50,4,8)+$E15*AH15 -> 3 | CB15: =$G15*AG15*IF($H15>50,18,36)+$F15*AG15*IF($H15>50,4,8)+$E15*AG15 -> 0 | CC15: =$G15*AJ15*IF($H15>50,18,36)+$F15*AJ15*IF($H15>50,4,8)+$E15*AJ15 -> 0 | CD15: =$G15*AM15*IF($H15>50,18,36)+$F15*AM15*IF($H15>50,4,8)+$E15*AM15 -> 0 | CE15: =$G15*AL15*IF($H15>50,18,36)+$F15*AL15*IF($H15>50,4,8)+$E15*AL15 -> 0 | CF15: =$G15*AK15*IF($H15>50,18,36)+$F15*AK15*IF($H15>50,4,8)+$E15*AK15 -> 0 | CG15: =$G15*AN15*IF($H15>50,18,36)+$F15*AN15*IF($H15>50,4,8)+$E15*AN15 -> 0 | CH15: =$G15*AQ15*IF($H15>50,18,36)+$F15*AQ15*IF($H15>50,4,8)+$E15*AQ15 -> 0 | CI15: =$G15*AP15*IF($H15>50,18,36)+$F15*AP15*IF($H15>50,4,8)+$E15*AP15 -> 0 | CJ15: =$G15*AO15*IF($H15>50,18,36)+$F15*AO15*IF($H15>50,4,8)+$E15*AO15 -> 0 | CK15: =$G15*AR15*IF($H15>50,18,36)+$F15*AR15*IF($H15>50,4,8)+$E15*AR15 -> 0 | CL15: =$G15*AS15*IF($H15>50,18,36)+$F15*AS15*IF($H15>50,4,8)+$E15*AS15 -> 0 | CM15: =$G15*AT15*IF($H15>50,18,36)+$F15*AT15*IF($H15>50,4,8)+$E15*AT15 -> 0 | CN15: =$G15*AU15*IF($H15>50,18,36)+$F15*AU15*IF($H15>50,4,8)+$E15*AU15 -> 0 | CO15: =$G15*AV15*IF($H15>50,18,36)+$F15*AV15*IF($H15>50,4,8)+$E15*AV15 -> 0 | CP15: =$G15*AW15*IF($H15>50,18,36)+$F15*AW15*IF($H15>50,4,8)+$E15*AW15 -> 0 | CQ15: =$G15*AX15*IF($H15>50,18,36)+$F15*AX15*IF($H15>50,4,8)+$E15*AX15 -> 0 | CR15: =$G15*AY15*IF($H15>50,18,36)+$F15*AY15*IF($H15>50,4,8)+$E15*AY15 -> 0 | ... CV15: =$G15*BC15*IF($H15>50,18,36)+$F15*BC15*IF($H15>50,4,8)+$E15*BC15 -> 0 | CX15: =O15*BH$2/($H15/50)^2 -> 0 | CY15: =P15*BI$2/($H15/50)^2 -> 0 | CZ15: =Q15*BJ$2/($H15/50)^2 -> 0 | DA15: =R15*BK$2/($H15/50)^2 -> 0 | DB15: =S15*BL$2/($H15/50)^2 -> 0 | DC15: =T15*BM$2/($H15/50)^2 -> 0 | DD15: =U15*BN$2/($H15/50)^2 -> 0 | DE15: =V15*BO$2/($H15/50)^2 -> 0 | ... DJ15: =AA15*BT$2/($H15/50)^2 -> 0 | DK15: =AC15*BU$2/($H15/50)^2 -> 0 | DL15: =AB15*BV$2/($H15/50)^2 -> 0 | DM15: =AD15*BW$2/($H15/50)^2 -> 0 | DN15: =AE15*BX$2/($H15/50)^2 -> 0 | DO15: =AI15*BY$2/($H15/50)^2 -> 0 | DP15: =AF15*BZ$2/($H15/50)^2 -> 0 | DQ15: =AH15*CA$2/($H15/50)^2 -> 8.75 | DR15: =AG15*CB$2/($H15/50)^2 -> 0 | DS15: =AJ15*CC$2/($H15/50)^2 -> 0 | DT15: =AM15*CD$2/($H15/50)^2 -> 0 | DU15: =AL15*CE$2/($H15/50)^2 -> 0 | DV15: =AK15*CF$2/($H15/50)^2 -> 0 | DW15: =AN15*CG$2/($H15/50)^2 -> 0 | DX15: =AQ15*CH$2/($H15/50)^2 -> 0 | DY15: =AP15*CI$2/($H15/50)^2 -> 0 | DZ15: =AO15*CJ$2/($H15/50)^2 -> 0 | EA15: =AR15*CK$2/($H15/50)^2 -> 0 | EB15: =AS15*CL$2/($H15/50)^2 -> 0 | EC15: =AT15*CM$2/($H15/50)^2 -> 0 | ED15: =AU15*CN$2/($H15/50)^2 -> 0 | EE15: =AV15*CO$2/($H15/50)^2 -> 0 | EF15: =AW15*CP$2/($H15/50)^2 -> 0 | EG15: =AX15*CQ$2/($H15/50)^2 -> 0 | EH15: =AY15*CR$2/($H15/50)^2 -> 0 | ... EL15: =BC15*CV$2/($H15/50)^2 -> 0
A16: Glow Gum | B16: =IF($C$2,SUMIF(I:I,A16,BG:BG),0) -> 0 | D16: =C16+B16 -> 0 | E16: =IF(ISBLANK(H16),0,IF($C$1,0,CEILING(D16-F16*H16*0.2-G16*H16,1))) -> 0 | F16: =IF(ISBLANK(H16),0,IF($C$1,0,FLOOR((D16-G16*H16)/(H16/5),1))) -> 0 | G16: =IF(ISBLANK(H16),0,IF($C$1,CEILING(D16/H16,1),FLOOR(D16/H16,1))) -> 0 | H16: 100 | I16: =$A$7 -> Gum Base | J16: =K16*D16 -> 0 | K16: =CEILING(SUM(CX16:EL16),1)+IF(ISBLANK(I16),0,VLOOKUP(I16,A:K,11,FALSE)) -> 30 | L16: - | M16: - | N16: 1 | V16: 1 | BE16: =IF(ISNUMBER(L16),$G16*L16*25+$F16*L16*10+$E16*L16,0) -> 0 | BF16: =IF(D16>0,M16,0) -> 0 | BG16: =$G16*N16*IF($H16>50,18,36)+$F16*N16*IF($H16>50,4,8)+$E16*N16 -> 0 | BH16: =$G16*O16*IF($H16>50,18,36)+$F16*O16*IF($H16>50,4,8)+$E16*O16 -> 0 | BI16: =$G16*P16*IF($H16>50,18,36)+$F16*P16*IF($H16>50,4,8)+$E16*P16 -> 0 | BJ16: =$G16*Q16*IF($H16>50,18,36)+$F16*Q16*IF($H16>50,4,8)+$E16*Q16 -> 0 | BK16: =$G16*R16*IF($H16>50,18,36)+$F16*R16*IF($H16>50,4,8)+$E16*R16 -> 0 | BL16: =$G16*S16*IF($H16>50,18,36)+$F16*S16*IF($H16>50,4,8)+$E16*S16 -> 0 | BM16: =$G16*T16*IF($H16>50,18,36)+$F16*T16*IF($H16>50,4,8)+$E16*T16 -> 0 | BN16: =$G16*U16*IF($H16>50,18,36)+$F16*U16*IF($H16>50,4,8)+$E16*U16 -> 0 | ... BT16: =$G16*AA16*IF($H16>50,18,36)+$F16*AA16*IF($H16>50,4,8)+$E16*AA16 -> 0 | BU16: =$G16*AC16*IF($H16>50,18,36)+$F16*AC16*IF($H16>50,4,8)+$E16*AC16 -> 0 | BV16: =$G16*AB16*IF($H16>50,18,36)+$F16*AB16*IF($H16>50,4,8)+$E16*AB16 -> 0 | BW16: =$G16*AD16*IF($H16>50,18,36)+$F16*AD16*IF($H16>50,4,8)+$E16*AD16 -> 0 | BX16: =$G16*AE16*IF($H16>50,18,36)+$F16*AE16*IF($H16>50,4,8)+$E16*AE16 -> 0 | BY16: =$G16*AI16*IF($H16>50,18,36)+$F16*AI16*IF($H16>50,4,8)+$E16*AI16 -> 0 | BZ16: =$G16*AF16*IF($H16>50,18,36)+$F16*AF16*IF($H16>50,4,8)+$E16*AF16 -> 0 | CA16: =$G16*AH16*IF($H16>50,18,36)+$F16*AH16*IF($H16>50,4,8)+$E16*AH16 -> 0 | CB16: =$G16*AG16*IF($H16>50,18,36)+$F16*AG16*IF($H16>50,4,8)+$E16*AG16 -> 0 | CC16: =$G16*AJ16*IF($H16>50,18,36)+$F16*AJ16*IF($H16>50,4,8)+$E16*AJ16 -> 0 | CD16: =$G16*AM16*IF($H16>50,18,36)+$F16*AM16*IF($H16>50,4,8)+$E16*AM16 -> 0 | CE16: =$G16*AL16*IF($H16>50,18,36)+$F16*AL16*IF($H16>50,4,8)+$E16*AL16 -> 0 | CF16: =$G16*AK16*IF($H16>50,18,36)+$F16*AK16*IF($H16>50,4,8)+$E16*AK16 -> 0 | CG16: =$G16*AN16*IF($H16>50,18,36)+$F16*AN16*IF($H16>50,4,8)+$E16*AN16 -> 0 | CH16: =$G16*AQ16*IF($H16>50,18,36)+$F16*AQ16*IF($H16>50,4,8)+$E16*AQ16 -> 0 | CI16: =$G16*AP16*IF($H16>50,18,36)+$F16*AP16*IF($H16>50,4,8)+$E16*AP16 -> 0 | CJ16: =$G16*AO16*IF($H16>50,18,36)+$F16*AO16*IF($H16>50,4,8)+$E16*AO16 -> 0 | CK16: =$G16*AR16*IF($H16>50,18,36)+$F16*AR16*IF($H16>50,4,8)+$E16*AR16 -> 0 | CL16: =$G16*AS16*IF($H16>50,18,36)+$F16*AS16*IF($H16>50,4,8)+$E16*AS16 -> 0 | CM16: =$G16*AT16*IF($H16>50,18,36)+$F16*AT16*IF($H16>50,4,8)+$E16*AT16 -> 0 | CN16: =$G16*AU16*IF($H16>50,18,36)+$F16*AU16*IF($H16>50,4,8)+$E16*AU16 -> 0 | CO16: =$G16*AV16*IF($H16>50,18,36)+$F16*AV16*IF($H16>50,4,8)+$E16*AV16 -> 0 | CP16: =$G16*AW16*IF($H16>50,18,36)+$F16*AW16*IF($H16>50,4,8)+$E16*AW16 -> 0 | CQ16: =$G16*AX16*IF($H16>50,18,36)+$F16*AX16*IF($H16>50,4,8)+$E16*AX16 -> 0 | CR16: =$G16*AY16*IF($H16>50,18,36)+$F16*AY16*IF($H16>50,4,8)+$E16*AY16 -> 0 | ... CV16: =$G16*BC16*IF($H16>50,18,36)+$F16*BC16*IF($H16>50,4,8)+$E16*BC16 -> 0 | CX16: =O16*BH$2/($H16/50)^2 -> 0 | CY16: =P16*BI$2/($H16/50)^2 -> 0 | CZ16: =Q16*BJ$2/($H16/50)^2 -> 0 | DA16: =R16*BK$2/($H16/50)^2 -> 0 | DB16: =S16*BL$2/($H16/50)^2 -> 0 | DC16: =T16*BM$2/($H16/50)^2 -> 0 | DD16: =U16*BN$2/($H16/50)^2 -> 0 | DE16: =V16*BO$2/($H16/50)^2 -> 17.5 | ... DJ16: =AA16*BT$2/($H16/50)^2 -> 0 | DK16: =AC16*BU$2/($H16/50)^2 -> 0 | DL16: =AB16*BV$2/($H16/50)^2 -> 0 | DM16: =AD16*BW$2/($H16/50)^2 -> 0 | DN16: =AE16*BX$2/($H16/50)^2 -> 0 | DO16: =AI16*BY$2/($H16/50)^2 -> 0 | DP16: =AF16*BZ$2/($H16/50)^2 -> 0 | DQ16: =AH16*CA$2/($H16/50)^2 -> 0 | DR16: =AG16*CB$2/($H16/50)^2 -> 0 | DS16: =AJ16*CC$2/($H16/50)^2 -> 0 | DT16: =AM16*CD$2/($H16/50)^2 -> 0 | DU16: =AL16*CE$2/($H16/50)^2 -> 0 | DV16: =AK16*CF$2/($H16/50)^2 -> 0 | DW16: =AN16*CG$2/($H16/50)^2 -> 0 | DX16: =AQ16*CH$2/($H16/50)^2 -> 0 | DY16: =AP16*CI$2/($H16/50)^2 -> 0 | DZ16: =AO16*CJ$2/($H16/50)^2 -> 0 | EA16: =AR16*CK$2/($H16/50)^2 -> 0 | EB16: =AS16*CL$2/($H16/50)^2 -> 0 | EC16: =AT16*CM$2/($H16/50)^2 -> 0 | ED16: =AU16*CN$2/($H16/50)^2 -> 0 | EE16: =AV16*CO$2/($H16/50)^2 -> 0 | EF16: =AW16*CP$2/($H16/50)^2 -> 0 | EG16: =AX16*CQ$2/($H16/50)^2 -> 0 | EH16: =AY16*CR$2/($H16/50)^2 -> 0 | ... EL16: =BC16*CV$2/($H16/50)^2 -> 0
A17: Trait Reduction Gum | B17: =IF($C$2,SUMIF(I:I,A17,BG:BG),0) -> 0 | D17: =C17+B17 -> 0 | E17: =IF(ISBLANK(H17),0,IF($C$1,0,CEILING(D17-F17*H17*0.2-G17*H17,1))) -> 0 | F17: =IF(ISBLANK(H17),0,IF($C$1,0,FLOOR((D17-G17*H17)/(H17/5),1))) -> 0 | G17: =IF(ISBLANK(H17),0,IF($C$1,CEILING(D17/H17,1),FLOOR(D17/H17,1))) -> 0 | H17: 100 | I17: =$A$7 -> Gum Base | J17: =K17*D17 -> 0 | K17: =CEILING(SUM(CX17:EL17),1)+IF(ISBLANK(I17),0,VLOOKUP(I17,A:K,11,FALSE)) -> 20 | L17: - | M17: - | N17: 2 | AQ17: 1 | BE17: =IF(ISNUMBER(L17),$G17*L17*25+$F17*L17*10+$E17*L17,0) -> 0 | BF17: =IF(D17>0,M17,0) -> 0 | BG17: =$G17*N17*IF($H17>50,18,36)+$F17*N17*IF($H17>50,4,8)+$E17*N17 -> 0 | BH17: =$G17*O17*IF($H17>50,18,36)+$F17*O17*IF($H17>50,4,8)+$E17*O17 -> 0 | BI17: =$G17*P17*IF($H17>50,18,36)+$F17*P17*IF($H17>50,4,8)+$E17*P17 -> 0 | BJ17: =$G17*Q17*IF($H17>50,18,36)+$F17*Q17*IF($H17>50,4,8)+$E17*Q17 -> 0 | BK17: =$G17*R17*IF($H17>50,18,36)+$F17*R17*IF($H17>50,4,8)+$E17*R17 -> 0 | BL17: =$G17*S17*IF($H17>50,18,36)+$F17*S17*IF($H17>50,4,8)+$E17*S17 -> 0 | BM17: =$G17*T17*IF($H17>50,18,36)+$F17*T17*IF($H17>50,4,8)+$E17*T17 -> 0 | BN17: =$G17*U17*IF($H17>50,18,36)+$F17*U17*IF($H17>50,4,8)+$E17*U17 -> 0 | ... BT17: =$G17*AA17*IF($H17>50,18,36)+$F17*AA17*IF($H17>50,4,8)+$E17*AA17 -> 0 | BU17: =$G17*AC17*IF($H17>50,18,36)+$F17*AC17*IF($H17>50,4,8)+$E17*AC17 -> 0 | BV17: =$G17*AB17*IF($H17>50,18,36)+$F17*AB17*IF($H17>50,4,8)+$E17*AB17 -> 0 | BW17: =$G17*AD17*IF($H17>50,18,36)+$F17*AD17*IF($H17>50,4,8)+$E17*AD17 -> 0 | BX17: =$G17*AE17*IF($H17>50,18,36)+$F17*AE17*IF($H17>50,4,8)+$E17*AE17 -> 0 | BY17: =$G17*AI17*IF($H17>50,18,36)+$F17*AI17*IF($H17>50,4,8)+$E17*AI17 -> 0 | BZ17: =$G17*AF17*IF($H17>50,18,36)+$F17*AF17*IF($H17>50,4,8)+$E17*AF17 -> 0 | CA17: =$G17*AH17*IF($H17>50,18,36)+$F17*AH17*IF($H17>50,4,8)+$E17*AH17 -> 0 | CB17: =$G17*AG17*IF($H17>50,18,36)+$F17*AG17*IF($H17>50,4,8)+$E17*AG17 -> 0 | CC17: =$G17*AJ17*IF($H17>50,18,36)+$F17*AJ17*IF($H17>50,4,8)+$E17*AJ17 -> 0 | CD17: =$G17*AM17*IF($H17>50,18,36)+$F17*AM17*IF($H17>50,4,8)+$E17*AM17 -> 0 | CE17: =$G17*AL17*IF($H17>50,18,36)+$F17*AL17*IF($H17>50,4,8)+$E17*AL17 -> 0 | CF17: =$G17*AK17*IF($H17>50,18,36)+$F17*AK17*IF($H17>50,4,8)+$E17*AK17 -> 0 | CG17: =$G17*AN17*IF($H17>50,18,36)+$F17*AN17*IF($H17>50,4,8)+$E17*AN17 -> 0 | CH17: =$G17*AQ17*IF($H17>50,18,36)+$F17*AQ17*IF($H17>50,4,8)+$E17*AQ17 -> 0 | CI17: =$G17*AP17*IF($H17>50,18,36)+$F17*AP17*IF($H17>50,4,8)+$E17*AP17 -> 0 | CJ17: =$G17*AO17*IF($H17>50,18,36)+$F17*AO17*IF($H17>50,4,8)+$E17*AO17 -> 0 | CK17: =$G17*AR17*IF($H17>50,18,36)+$F17*AR17*IF($H17>50,4,8)+$E17*AR17 -> 0 | CL17: =$G17*AS17*IF($H17>50,18,36)+$F17*AS17*IF($H17>50,4,8)+$E17*AS17 -> 0 | CM17: =$G17*AT17*IF($H17>50,18,36)+$F17*AT17*IF($H17>50,4,8)+$E17*AT17 -> 0 | CN17: =$G17*AU17*IF($H17>50,18,36)+$F17*AU17*IF($H17>50,4,8)+$E17*AU17 -> 0 | CO17: =$G17*AV17*IF($H17>50,18,36)+$F17*AV17*IF($H17>50,4,8)+$E17*AV17 -> 0 | CP17: =$G17*AW17*IF($H17>50,18,36)+$F17*AW17*IF($H17>50,4,8)+$E17*AW17 -> 0 | CQ17: =$G17*AX17*IF($H17>50,18,36)+$F17*AX17*IF($H17>50,4,8)+$E17*AX17 -> 0 | CR17: =$G17*AY17*IF($H17>50,18,36)+$F17*AY17*IF($H17>50,4,8)+$E17*AY17 -> 0 | ... CV17: =$G17*BC17*IF($H17>50,18,36)+$F17*BC17*IF($H17>50,4,8)+$E17*BC17 -> 0 | CX17: =O17*BH$2/($H17/50)^2 -> 0 | CY17: =P17*BI$2/($H17/50)^2 -> 0 | CZ17: =Q17*BJ$2/($H17/50)^2 -> 0 | DA17: =R17*BK$2/($H17/50)^2 -> 0 | DB17: =S17*BL$2/($H17/50)^2 -> 0 | DC17: =T17*BM$2/($H17/50)^2 -> 0 | DD17: =U17*BN$2/($H17/50)^2 -> 0 | DE17: =V17*BO$2/($H17/50)^2 -> 0 | ... DJ17: =AA17*BT$2/($H17/50)^2 -> 0 | DK17: =AC17*BU$2/($H17/50)^2 -> 0 | DL17: =AB17*BV$2/($H17/50)^2 -> 0 | DM17: =AD17*BW$2/($H17/50)^2 -> 0 | DN17: =AE17*BX$2/($H17/50)^2 -> 0 | DO17: =AI17*BY$2/($H17/50)^2 -> 0 | DP17: =AF17*BZ$2/($H17/50)^2 -> 0 | DQ17: =AH17*CA$2/($H17/50)^2 -> 0 | DR17: =AG17*CB$2/($H17/50)^2 -> 0 | DS17: =AJ17*CC$2/($H17/50)^2 -> 0 | DT17: =AM17*CD$2/($H17/50)^2 -> 0 | DU17: =AL17*CE$2/($H17/50)^2 -> 0 | DV17: =AK17*CF$2/($H17/50)^2 -> 0 | DW17: =AN17*CG$2/($H17/50)^2 -> 0 | DX17: =AQ17*CH$2/($H17/50)^2 -> 7.5 | DY17: =AP17*CI$2/($H17/50)^2 -> 0 | DZ17: =AO17*CJ$2/($H17/50)^2 -> 0 | EA17: =AR17*CK$2/($H17/50)^2 -> 0 | EB17: =AS17*CL$2/($H17/50)^2 -> 0 | EC17: =AT17*CM$2/($H17/50)^2 -> 0 | ED17: =AU17*CN$2/($H17/50)^2 -> 0 | EE17: =AV17*CO$2/($H17/50)^2 -> 0 | EF17: =AW17*CP$2/($H17/50)^2 -> 0 | EG17: =AX17*CQ$2/($H17/50)^2 -> 0 | EH17: =AY17*CR$2/($H17/50)^2 -> 0 | ... EL17: =BC17*CV$2/($H17/50)^2 -> 0
A18: Trait Expansion Gum | B18: =IF($C$2,SUMIF(I:I,A18,BG:BG),0) -> 0 | D18: =C18+B18 -> 0 | E18: =IF(ISBLANK(H18),0,IF($C$1,0,CEILING(D18-F18*H18*0.2-G18*H18,1))) -> 0 | F18: =IF(ISBLANK(H18),0,IF($C$1,0,FLOOR((D18-G18*H18)/(H18/5),1))) -> 0 | G18: =IF(ISBLANK(H18),0,IF($C$1,CEILING(D18/H18,1),FLOOR(D18/H18,1))) -> 0 | H18: 100 | I18: =$A$7 -> Gum Base | J18: =K18*D18 -> 0 | K18: =CEILING(SUM(CX18:EL18),1)+IF(ISBLANK(I18),0,VLOOKUP(I18,A:K,11,FALSE)) -> 15 | L18: - | M18: - | N18: 2 | AO18: 1 | BE18: =IF(ISNUMBER(L18),$G18*L18*25+$F18*L18*10+$E18*L18,0) -> 0 | BF18: =IF(D18>0,M18,0) -> 0 | BG18: =$G18*N18*IF($H18>50,18,36)+$F18*N18*IF($H18>50,4,8)+$E18*N18 -> 0 | BH18: =$G18*O18*IF($H18>50,18,36)+$F18*O18*IF($H18>50,4,8)+$E18*O18 -> 0 | BI18: =$G18*P18*IF($H18>50,18,36)+$F18*P18*IF($H18>50,4,8)+$E18*P18 -> 0 | BJ18: =$G18*Q18*IF($H18>50,18,36)+$F18*Q18*IF($H18>50,4,8)+$E18*Q18 -> 0 | BK18: =$G18*R18*IF($H18>50,18,36)+$F18*R18*IF($H18>50,4,8)+$E18*R18 -> 0 | BL18: =$G18*S18*IF($H18>50,18,36)+$F18*S18*IF($H18>50,4,8)+$E18*S18 -> 0 | BM18: =$G18*T18*IF($H18>50,18,36)+$F18*T18*IF($H18>50,4,8)+$E18*T18 -> 0 | BN18: =$G18*U18*IF($H18>50,18,36)+$F18*U18*IF($H18>50,4,8)+$E18*U18 -> 0 | ... BT18: =$G18*AA18*IF($H18>50,18,36)+$F18*AA18*IF($H18>50,4,8)+$E18*AA18 -> 0 | BU18: =$G18*AC18*IF($H18>50,18,36)+$F18*AC18*IF($H18>50,4,8)+$E18*AC18 -> 0 | BV18: =$G18*AB18*IF($H18>50,18,36)+$F18*AB18*IF($H18>50,4,8)+$E18*AB18 -> 0 | BW18: =$G18*AD18*IF($H18>50,18,36)+$F18*AD18*IF($H18>50,4,8)+$E18*AD18 -> 0 | BX18: =$G18*AE18*IF($H18>50,18,36)+$F18*AE18*IF($H18>50,4,8)+$E18*AE18 -> 0 | BY18: =$G18*AI18*IF($H18>50,18,36)+$F18*AI18*IF($H18>50,4,8)+$E18*AI18 -> 0 | BZ18: =$G18*AF18*IF($H18>50,18,36)+$F18*AF18*IF($H18>50,4,8)+$E18*AF18 -> 0 | CA18: =$G18*AH18*IF($H18>50,18,36)+$F18*AH18*IF($H18>50,4,8)+$E18*AH18 -> 0 | CB18: =$G18*AG18*IF($H18>50,18,36)+$F18*AG18*IF($H18>50,4,8)+$E18*AG18 -> 0 | CC18: =$G18*AJ18*IF($H18>50,18,36)+$F18*AJ18*IF($H18>50,4,8)+$E18*AJ18 -> 0 | CD18: =$G18*AM18*IF($H18>50,18,36)+$F18*AM18*IF($H18>50,4,8)+$E18*AM18 -> 0 | CE18: =$G18*AL18*IF($H18>50,18,36)+$F18*AL18*IF($H18>50,4,8)+$E18*AL18 -> 0 | CF18: =$G18*AK18*IF($H18>50,18,36)+$F18*AK18*IF($H18>50,4,8)+$E18*AK18 -> 0 | CG18: =$G18*AN18*IF($H18>50,18,36)+$F18*AN18*IF($H18>50,4,8)+$E18*AN18 -> 0 | CH18: =$G18*AQ18*IF($H18>50,18,36)+$F18*AQ18*IF($H18>50,4,8)+$E18*AQ18 -> 0 | CI18: =$G18*AP18*IF($H18>50,18,36)+$F18*AP18*IF($H18>50,4,8)+$E18*AP18 -> 0 | CJ18: =$G18*AO18*IF($H18>50,18,36)+$F18*AO18*IF($H18>50,4,8)+$E18*AO18 -> 0 | CK18: =$G18*AR18*IF($H18>50,18,36)+$F18*AR18*IF($H18>50,4,8)+$E18*AR18 -> 0 | CL18: =$G18*AS18*IF($H18>50,18,36)+$F18*AS18*IF($H18>50,4,8)+$E18*AS18 -> 0 | CM18: =$G18*AT18*IF($H18>50,18,36)+$F18*AT18*IF($H18>50,4,8)+$E18*AT18 -> 0 | CN18: =$G18*AU18*IF($H18>50,18,36)+$F18*AU18*IF($H18>50,4,8)+$E18*AU18 -> 0 | CO18: =$G18*AV18*IF($H18>50,18,36)+$F18*AV18*IF($H18>50,4,8)+$E18*AV18 -> 0 | CP18: =$G18*AW18*IF($H18>50,18,36)+$F18*AW18*IF($H18>50,4,8)+$E18*AW18 -> 0 | CQ18: =$G18*AX18*IF($H18>50,18,36)+$F18*AX18*IF($H18>50,4,8)+$E18*AX18 -> 0 | CR18: =$G18*AY18*IF($H18>50,18,36)+$F18*AY18*IF($H18>50,4,8)+$E18*AY18 -> 0 | ... CV18: =$G18*BC18*IF($H18>50,18,36)+$F18*BC18*IF($H18>50,4,8)+$E18*BC18 -> 0 | CX18: =O18*BH$2/($H18/50)^2 -> 0 | CY18: =P18*BI$2/($H18/50)^2 -> 0 | CZ18: =Q18*BJ$2/($H18/50)^2 -> 0 | DA18: =R18*BK$2/($H18/50)^2 -> 0 | DB18: =S18*BL$2/($H18/50)^2 -> 0 | DC18: =T18*BM$2/($H18/50)^2 -> 0 | DD18: =U18*BN$2/($H18/50)^2 -> 0 | DE18: =V18*BO$2/($H18/50)^2 -> 0 | ... DJ18: =AA18*BT$2/($H18/50)^2 -> 0 | DK18: =AC18*BU$2/($H18/50)^2 -> 0 | DL18: =AB18*BV$2/($H18/50)^2 -> 0 | DM18: =AD18*BW$2/($H18/50)^2 -> 0 | DN18: =AE18*BX$2/($H18/50)^2 -> 0 | DO18: =AI18*BY$2/($H18/50)^2 -> 0 | DP18: =AF18*BZ$2/($H18/50)^2 -> 0 | DQ18: =AH18*CA$2/($H18/50)^2 -> 0 | DR18: =AG18*CB$2/($H18/50)^2 -> 0 | DS18: =AJ18*CC$2/($H18/50)^2 -> 0 | DT18: =AM18*CD$2/($H18/50)^2 -> 0 | DU18: =AL18*CE$2/($H18/50)^2 -> 0 | DV18: =AK18*CF$2/($H18/50)^2 -> 0 | DW18: =AN18*CG$2/($H18/50)^2 -> 0 | DX18: =AQ18*CH$2/($H18/50)^2 -> 0 | DY18: =AP18*CI$2/($H18/50)^2 -> 0 | DZ18: =AO18*CJ$2/($H18/50)^2 -> 2.5 | EA18: =AR18*CK$2/($H18/50)^2 -> 0 | EB18: =AS18*CL$2/($H18/50)^2 -> 0 | EC18: =AT18*CM$2/($H18/50)^2 -> 0 | ED18: =AU18*CN$2/($H18/50)^2 -> 0 | EE18: =AV18*CO$2/($H18/50)^2 -> 0 | EF18: =AW18*CP$2/($H18/50)^2 -> 0 | EG18: =AX18*CQ$2/($H18/50)^2 -> 0 | EH18: =AY18*CR$2/($H18/50)^2 -> 0 | ... EL18: =BC18*CV$2/($H18/50)^2 -> 0
A19: Pure Boon I | B19: =IF($C$2,SUMIF(I:I,A19,BG:BG),0) -> 0 | D19: =C19+B19 -> 0 | E19: =IF(ISBLANK(H19),0,IF($C$1,0,CEILING(D19-F19*H19*0.2-G19*H19,1))) -> 0 | F19: =IF(ISBLANK(H19),0,IF($C$1,0,FLOOR((D19-G19*H19)/(H19/5),1))) -> 0 | G19: =IF(ISBLANK(H19),0,IF($C$1,CEILING(D19/H19,1),FLOOR(D19/H19,1))) -> 0 | H19: 100 | I19: =$A$5 -> Compound Base | J19: =K19*D19 -> 0 | K19: =CEILING(SUM(CX19:EL19),1)+IF(ISBLANK(I19),0,VLOOKUP(I19,A:K,11,FALSE)) -> 67 | L19: - | M19: - | N19: 1 | O19: 2 | BE19: =IF(ISNUMBER(L19),$G19*L19*25+$F19*L19*10+$E19*L19,0) -> 0 | BF19: =IF(D19>0,M19,0) -> 0 | BG19: =$G19*N19*IF($H19>50,18,36)+$F19*N19*IF($H19>50,4,8)+$E19*N19 -> 0 | BH19: =$G19*O19*IF($H19>50,18,36)+$F19*O19*IF($H19>50,4,8)+$E19*O19 -> 0 | BI19: =$G19*P19*IF($H19>50,18,36)+$F19*P19*IF($H19>50,4,8)+$E19*P19 -> 0 | BJ19: =$G19*Q19*IF($H19>50,18,36)+$F19*Q19*IF($H19>50,4,8)+$E19*Q19 -> 0 | BK19: =$G19*R19*IF($H19>50,18,36)+$F19*R19*IF($H19>50,4,8)+$E19*R19 -> 0 | BL19: =$G19*S19*IF($H19>50,18,36)+$F19*S19*IF($H19>50,4,8)+$E19*S19 -> 0 | BM19: =$G19*T19*IF($H19>50,18,36)+$F19*T19*IF($H19>50,4,8)+$E19*T19 -> 0 | BN19: =$G19*U19*IF($H19>50,18,36)+$F19*U19*IF($H19>50,4,8)+$E19*U19 -> 0 | ... BT19: =$G19*AA19*IF($H19>50,18,36)+$F19*AA19*IF($H19>50,4,8)+$E19*AA19 -> 0 | BU19: =$G19*AC19*IF($H19>50,18,36)+$F19*AC19*IF($H19>50,4,8)+$E19*AC19 -> 0 | BV19: =$G19*AB19*IF($H19>50,18,36)+$F19*AB19*IF($H19>50,4,8)+$E19*AB19 -> 0 | BW19: =$G19*AD19*IF($H19>50,18,36)+$F19*AD19*IF($H19>50,4,8)+$E19*AD19 -> 0 | BX19: =$G19*AE19*IF($H19>50,18,36)+$F19*AE19*IF($H19>50,4,8)+$E19*AE19 -> 0 | BY19: =$G19*AI19*IF($H19>50,18,36)+$F19*AI19*IF($H19>50,4,8)+$E19*AI19 -> 0 | BZ19: =$G19*AF19*IF($H19>50,18,36)+$F19*AF19*IF($H19>50,4,8)+$E19*AF19 -> 0 | CA19: =$G19*AH19*IF($H19>50,18,36)+$F19*AH19*IF($H19>50,4,8)+$E19*AH19 -> 0 | CB19: =$G19*AG19*IF($H19>50,18,36)+$F19*AG19*IF($H19>50,4,8)+$E19*AG19 -> 0 | CC19: =$G19*AJ19*IF($H19>50,18,36)+$F19*AJ19*IF($H19>50,4,8)+$E19*AJ19 -> 0 | CD19: =$G19*AM19*IF($H19>50,18,36)+$F19*AM19*IF($H19>50,4,8)+$E19*AM19 -> 0 | CE19: =$G19*AL19*IF($H19>50,18,36)+$F19*AL19*IF($H19>50,4,8)+$E19*AL19 -> 0 | CF19: =$G19*AK19*IF($H19>50,18,36)+$F19*AK19*IF($H19>50,4,8)+$E19*AK19 -> 0 | CG19: =$G19*AN19*IF($H19>50,18,36)+$F19*AN19*IF($H19>50,4,8)+$E19*AN19 -> 0 | CH19: =$G19*AQ19*IF($H19>50,18,36)+$F19*AQ19*IF($H19>50,4,8)+$E19*AQ19 -> 0 | CI19: =$G19*AP19*IF($H19>50,18,36)+$F19*AP19*IF($H19>50,4,8)+$E19*AP19 -> 0 | CJ19: =$G19*AO19*IF($H19>50,18,36)+$F19*AO19*IF($H19>50,4,8)+$E19*AO19 -> 0 | CK19: =$G19*AR19*IF($H19>50,18,36)+$F19*AR19*IF($H19>50,4,8)+$E19*AR19 -> 0 | CL19: =$G19*AS19*IF($H19>50,18,36)+$F19*AS19*IF($H19>50,4,8)+$E19*AS19 -> 0 | CM19: =$G19*AT19*IF($H19>50,18,36)+$F19*AT19*IF($H19>50,4,8)+$E19*AT19 -> 0 | CN19: =$G19*AU19*IF($H19>50,18,36)+$F19*AU19*IF($H19>50,4,8)+$E19*AU19 -> 0 | CO19: =$G19*AV19*IF($H19>50,18,36)+$F19*AV19*IF($H19>50,4,8)+$E19*AV19 -> 0 | CP19: =$G19*AW19*IF($H19>50,18,36)+$F19*AW19*IF($H19>50,4,8)+$E19*AW19 -> 0 | CQ19: =$G19*AX19*IF($H19>50,18,36)+$F19*AX19*IF($H19>50,4,8)+$E19*AX19 -> 0 | CR19: =$G19*AY19*IF($H19>50,18,36)+$F19*AY19*IF($H19>50,4,8)+$E19*AY19 -> 0 | ... CV19: =$G19*BC19*IF($H19>50,18,36)+$F19*BC19*IF($H19>50,4,8)+$E19*BC19 -> 0 | CX19: =O19*BH$2/($H19/50)^2 -> 2 | CY19: =P19*BI$2/($H19/50)^2 -> 0 | CZ19: =Q19*BJ$2/($H19/50)^2 -> 0 | DA19: =R19*BK$2/($H19/50)^2 -> 0 | DB19: =S19*BL$2/($H19/50)^2 -> 0 | DC19: =T19*BM$2/($H19/50)^2 -> 0 | DD19: =U19*BN$2/($H19/50)^2 -> 0 | DE19: =V19*BO$2/($H19/50)^2 -> 0 | ... DJ19: =AA19*BT$2/($H19/50)^2 -> 0 | DK19: =AC19*BU$2/($H19/50)^2 -> 0 | DL19: =AB19*BV$2/($H19/50)^2 -> 0 | DM19: =AD19*BW$2/($H19/50)^2 -> 0 | DN19: =AE19*BX$2/($H19/50)^2 -> 0 | DO19: =AI19*BY$2/($H19/50)^2 -> 0 | DP19: =AF19*BZ$2/($H19/50)^2 -> 0 | DQ19: =AH19*CA$2/($H19/50)^2 -> 0 | DR19: =AG19*CB$2/($H19/50)^2 -> 0 | DS19: =AJ19*CC$2/($H19/50)^2 -> 0 | DT19: =AM19*CD$2/($H19/50)^2 -> 0 | DU19: =AL19*CE$2/($H19/50)^2 -> 0 | DV19: =AK19*CF$2/($H19/50)^2 -> 0 | DW19: =AN19*CG$2/($H19/50)^2 -> 0 | DX19: =AQ19*CH$2/($H19/50)^2 -> 0 | DY19: =AP19*CI$2/($H19/50)^2 -> 0 | DZ19: =AO19*CJ$2/($H19/50)^2 -> 0 | EA19: =AR19*CK$2/($H19/50)^2 -> 0 | EB19: =AS19*CL$2/($H19/50)^2 -> 0 | EC19: =AT19*CM$2/($H19/50)^2 -> 0 | ED19: =AU19*CN$2/($H19/50)^2 -> 0 | EE19: =AV19*CO$2/($H19/50)^2 -> 0 | EF19: =AW19*CP$2/($H19/50)^2 -> 0 | EG19: =AX19*CQ$2/($H19/50)^2 -> 0 | EH19: =AY19*CR$2/($H19/50)^2 -> 0 | ... EL19: =BC19*CV$2/($H19/50)^2 -> 0
A20: Pure Boon II | B20: =IF($C$2,SUMIF(I:I,A20,BG:BG),0) -> 0 | D20: =C20+B20 -> 0 | E20: =IF(ISBLANK(H20),0,IF($C$1,0,CEILING(D20-F20*H20*0.2-G20*H20,1))) -> 0 | F20: =IF(ISBLANK(H20),0,IF($C$1,0,FLOOR((D20-G20*H20)/(H20/5),1))) -> 0 | G20: =IF(ISBLANK(H20),0,IF($C$1,CEILING(D20/H20,1),FLOOR(D20/H20,1))) -> 0 | H20: 100 | I20: =$A$5 -> Compound Base | J20: =K20*D20 -> 0 | K20: =CEILING(SUM(CX20:EL20),1)+IF(ISBLANK(I20),0,VLOOKUP(I20,A:K,11,FALSE)) -> 77 | L20: 200 | M20: 500 | N20: 2 | O20: 2 | Q20: 1 | AC20: 1 | BE20: =IF(ISNUMBER(L20),$G20*L20*25+$F20*L20*10+$E20*L20,0) -> 0 | BF20: =IF(D20>0,M20,0) -> 0 | BG20: =$G20*N20*IF($H20>50,18,36)+$F20*N20*IF($H20>50,4,8)+$E20*N20 -> 0 | BH20: =$G20*O20*IF($H20>50,18,36)+$F20*O20*IF($H20>50,4,8)+$E20*O20 -> 0 | BI20: =$G20*P20*IF($H20>50,18,36)+$F20*P20*IF($H20>50,4,8)+$E20*P20 -> 0 | BJ20: =$G20*Q20*IF($H20>50,18,36)+$F20*Q20*IF($H20>50,4,8)+$E20*Q20 -> 0 | BK20: =$G20*R20*IF($H20>50,18,36)+$F20*R20*IF($H20>50,4,8)+$E20*R20 -> 0 | BL20: =$G20*S20*IF($H20>50,18,36)+$F20*S20*IF($H20>50,4,8)+$E20*S20 -> 0 | BM20: =$G20*T20*IF($H20>50,18,36)+$F20*T20*IF($H20>50,4,8)+$E20*T20 -> 0 | BN20: =$G20*U20*IF($H20>50,18,36)+$F20*U20*IF($H20>50,4,8)+$E20*U20 -> 0 | ... BT20: =$G20*AA20*IF($H20>50,18,36)+$F20*AA20*IF($H20>50,4,8)+$E20*AA20 -> 0 | BU20: =$G20*AC20*IF($H20>50,18,36)+$F20*AC20*IF($H20>50,4,8)+$E20*AC20 -> 0 | BV20: =$G20*AB20*IF($H20>50,18,36)+$F20*AB20*IF($H20>50,4,8)+$E20*AB20 -> 0 | BW20: =$G20*AD20*IF($H20>50,18,36)+$F20*AD20*IF($H20>50,4,8)+$E20*AD20 -> 0 | BX20: =$G20*AE20*IF($H20>50,18,36)+$F20*AE20*IF($H20>50,4,8)+$E20*AE20 -> 0 | BY20: =$G20*AI20*IF($H20>50,18,36)+$F20*AI20*IF($H20>50,4,8)+$E20*AI20 -> 0 | BZ20: =$G20*AF20*IF($H20>50,18,36)+$F20*AF20*IF($H20>50,4,8)+$E20*AF20 -> 0 | CA20: =$G20*AH20*IF($H20>50,18,36)+$F20*AH20*IF($H20>50,4,8)+$E20*AH20 -> 0 | CB20: =$G20*AG20*IF($H20>50,18,36)+$F20*AG20*IF($H20>50,4,8)+$E20*AG20 -> 0 | CC20: =$G20*AJ20*IF($H20>50,18,36)+$F20*AJ20*IF($H20>50,4,8)+$E20*AJ20 -> 0 | CD20: =$G20*AM20*IF($H20>50,18,36)+$F20*AM20*IF($H20>50,4,8)+$E20*AM20 -> 0 | CE20: =$G20*AL20*IF($H20>50,18,36)+$F20*AL20*IF($H20>50,4,8)+$E20*AL20 -> 0 | CF20: =$G20*AK20*IF($H20>50,18,36)+$F20*AK20*IF($H20>50,4,8)+$E20*AK20 -> 0 | CG20: =$G20*AN20*IF($H20>50,18,36)+$F20*AN20*IF($H20>50,4,8)+$E20*AN20 -> 0 | CH20: =$G20*AQ20*IF($H20>50,18,36)+$F20*AQ20*IF($H20>50,4,8)+$E20*AQ20 -> 0 | CI20: =$G20*AP20*IF($H20>50,18,36)+$F20*AP20*IF($H20>50,4,8)+$E20*AP20 -> 0 | CJ20: =$G20*AO20*IF($H20>50,18,36)+$F20*AO20*IF($H20>50,4,8)+$E20*AO20 -> 0 | CK20: =$G20*AR20*IF($H20>50,18,36)+$F20*AR20*IF($H20>50,4,8)+$E20*AR20 -> 0 | CL20: =$G20*AS20*IF($H20>50,18,36)+$F20*AS20*IF($H20>50,4,8)+$E20*AS20 -> 0 | CM20: =$G20*AT20*IF($H20>50,18,36)+$F20*AT20*IF($H20>50,4,8)+$E20*AT20 -> 0 | CN20: =$G20*AU20*IF($H20>50,18,36)+$F20*AU20*IF($H20>50,4,8)+$E20*AU20 -> 0 | CO20: =$G20*AV20*IF($H20>50,18,36)+$F20*AV20*IF($H20>50,4,8)+$E20*AV20 -> 0 | CP20: =$G20*AW20*IF($H20>50,18,36)+$F20*AW20*IF($H20>50,4,8)+$E20*AW20 -> 0 | CQ20: =$G20*AX20*IF($H20>50,18,36)+$F20*AX20*IF($H20>50,4,8)+$E20*AX20 -> 0 | CR20: =$G20*AY20*IF($H20>50,18,36)+$F20*AY20*IF($H20>50,4,8)+$E20*AY20 -> 0 | ... CV20: =$G20*BC20*IF($H20>50,18,36)+$F20*BC20*IF($H20>50,4,8)+$E20*BC20 -> 0 | CX20: =O20*BH$2/($H20/50)^2 -> 2 | CY20: =P20*BI$2/($H20/50)^2 -> 0 | CZ20: =Q20*BJ$2/($H20/50)^2 -> 2.5 | DA20: =R20*BK$2/($H20/50)^2 -> 0 | DB20: =S20*BL$2/($H20/50)^2 -> 0 | DC20: =T20*BM$2/($H20/50)^2 -> 0 | DD20: =U20*BN$2/($H20/50)^2 -> 0 | DE20: =V20*BO$2/($H20/50)^2 -> 0 | ... DJ20: =AA20*BT$2/($H20/50)^2 -> 0 | DK20: =AC20*BU$2/($H20/50)^2 -> 7.5 | DL20: =AB20*BV$2/($H20/50)^2 -> 0 | DM20: =AD20*BW$2/($H20/50)^2 -> 0 | DN20: =AE20*BX$2/($H20/50)^2 -> 0 | DO20: =AI20*BY$2/($H20/50)^2 -> 0 | DP20: =AF20*BZ$2/($H20/50)^2 -> 0 | DQ20: =AH20*CA$2/($H20/50)^2 -> 0 | DR20: =AG20*CB$2/($H20/50)^2 -> 0 | DS20: =AJ20*CC$2/($H20/50)^2 -> 0 | DT20: =AM20*CD$2/($H20/50)^2 -> 0 | DU20: =AL20*CE$2/($H20/50)^2 -> 0 | DV20: =AK20*CF$2/($H20/50)^2 -> 0 | DW20: =AN20*CG$2/($H20/50)^2 -> 0 | DX20: =AQ20*CH$2/($H20/50)^2 -> 0 | DY20: =AP20*CI$2/($H20/50)^2 -> 0 | DZ20: =AO20*CJ$2/($H20/50)^2 -> 0 | EA20: =AR20*CK$2/($H20/50)^2 -> 0 | EB20: =AS20*CL$2/($H20/50)^2 -> 0 | EC20: =AT20*CM$2/($H20/50)^2 -> 0 | ED20: =AU20*CN$2/($H20/50)^2 -> 0 | EE20: =AV20*CO$2/($H20/50)^2 -> 0 | EF20: =AW20*CP$2/($H20/50)^2 -> 0 | EG20: =AX20*CQ$2/($H20/50)^2 -> 0 | EH20: =AY20*CR$2/($H20/50)^2 -> 0 | ... EL20: =BC20*CV$2/($H20/50)^2 -> 0
A21: Pure Boon III | B21: =IF($C$2,SUMIF(I:I,A21,BG:BG),0) -> 0 | C21: 6 | D21: =C21+B21 -> 6 | E21: =IF(ISBLANK(H21),0,IF($C$1,0,CEILING(D21-F21*H21*0.2-G21*H21,1))) -> 6 | F21: =IF(ISBLANK(H21),0,IF($C$1,0,FLOOR((D21-G21*H21)/(H21/5),1))) -> 0 | G21: =IF(ISBLANK(H21),0,IF($C$1,CEILING(D21/H21,1),FLOOR(D21/H21,1))) -> 0 | H21: 100 | I21: =$A$5 -> Compound Base | J21: =K21*D21 -> 534 | K21: =CEILING(SUM(CX21:EL21),1)+IF(ISBLANK(I21),0,VLOOKUP(I21,A:K,11,FALSE)) -> 89 | L21: 400 | M21: 2000 | N21: 4 | O21: 4 | S21: 1 | AC21: 1 | BE21: =IF(ISNUMBER(L21),$G21*L21*25+$F21*L21*10+$E21*L21,0) -> 2400 | BF21: =IF(D21>0,M21,0) -> 2000 | BG21: =$G21*N21*IF($H21>50,18,36)+$F21*N21*IF($H21>50,4,8)+$E21*N21 -> 24 | BH21: =$G21*O21*IF($H21>50,18,36)+$F21*O21*IF($H21>50,4,8)+$E21*O21 -> 24 | BI21: =$G21*P21*IF($H21>50,18,36)+$F21*P21*IF($H21>50,4,8)+$E21*P21 -> 0 | BJ21: =$G21*Q21*IF($H21>50,18,36)+$F21*Q21*IF($H21>50,4,8)+$E21*Q21 -> 0 | BK21: =$G21*R21*IF($H21>50,18,36)+$F21*R21*IF($H21>50,4,8)+$E21*R21 -> 0 | BL21: =$G21*S21*IF($H21>50,18,36)+$F21*S21*IF($H21>50,4,8)+$E21*S21 -> 6 | BM21: =$G21*T21*IF($H21>50,18,36)+$F21*T21*IF($H21>50,4,8)+$E21*T21 -> 0 | BN21: =$G21*U21*IF($H21>50,18,36)+$F21*U21*IF($H21>50,4,8)+$E21*U21 -> 0 | ... BT21: =$G21*AA21*IF($H21>50,18,36)+$F21*AA21*IF($H21>50,4,8)+$E21*AA21 -> 0 | BU21: =$G21*AC21*IF($H21>50,18,36)+$F21*AC21*IF($H21>50,4,8)+$E21*AC21 -> 6 | BV21: =$G21*AB21*IF($H21>50,18,36)+$F21*AB21*IF($H21>50,4,8)+$E21*AB21 -> 0 | BW21: =$G21*AD21*IF($H21>50,18,36)+$F21*AD21*IF($H21>50,4,8)+$E21*AD21 -> 0 | BX21: =$G21*AE21*IF($H21>50,18,36)+$F21*AE21*IF($H21>50,4,8)+$E21*AE21 -> 0 | BY21: =$G21*AI21*IF($H21>50,18,36)+$F21*AI21*IF($H21>50,4,8)+$E21*AI21 -> 0 | BZ21: =$G21*AF21*IF($H21>50,18,36)+$F21*AF21*IF($H21>50,4,8)+$E21*AF21 -> 0 | CA21: =$G21*AH21*IF($H21>50,18,36)+$F21*AH21*IF($H21>50,4,8)+$E21*AH21 -> 0 | CB21: =$G21*AG21*IF($H21>50,18,36)+$F21*AG21*IF($H21>50,4,8)+$E21*AG21 -> 0 | CC21: =$G21*AJ21*IF($H21>50,18,36)+$F21*AJ21*IF($H21>50,4,8)+$E21*AJ21 -> 0 | CD21: =$G21*AM21*IF($H21>50,18,36)+$F21*AM21*IF($H21>50,4,8)+$E21*AM21 -> 0 | CE21: =$G21*AL21*IF($H21>50,18,36)+$F21*AL21*IF($H21>50,4,8)+$E21*AL21 -> 0 | CF21: =$G21*AK21*IF($H21>50,18,36)+$F21*AK21*IF($H21>50,4,8)+$E21*AK21 -> 0 | CG21: =$G21*AN21*IF($H21>50,18,36)+$F21*AN21*IF($H21>50,4,8)+$E21*AN21 -> 0 | CH21: =$G21*AQ21*IF($H21>50,18,36)+$F21*AQ21*IF($H21>50,4,8)+$E21*AQ21 -> 0 | CI21: =$G21*AP21*IF($H21>50,18,36)+$F21*AP21*IF($H21>50,4,8)+$E21*AP21 -> 0 | CJ21: =$G21*AO21*IF($H21>50,18,36)+$F21*AO21*IF($H21>50,4,8)+$E21*AO21 -> 0 | CK21: =$G21*AR21*IF($H21>50,18,36)+$F21*AR21*IF($H21>50,4,8)+$E21*AR21 -> 0 | CL21: =$G21*AS21*IF($H21>50,18,36)+$F21*AS21*IF($H21>50,4,8)+$E21*AS21 -> 0 | CM21: =$G21*AT21*IF($H21>50,18,36)+$F21*AT21*IF($H21>50,4,8)+$E21*AT21 -> 0 | CN21: =$G21*AU21*IF($H21>50,18,36)+$F21*AU21*IF($H21>50,4,8)+$E21*AU21 -> 0 | CO21: =$G21*AV21*IF($H21>50,18,36)+$F21*AV21*IF($H21>50,4,8)+$E21*AV21 -> 0 | CP21: =$G21*AW21*IF($H21>50,18,36)+$F21*AW21*IF($H21>50,4,8)+$E21*AW21 -> 0 | CQ21: =$G21*AX21*IF($H21>50,18,36)+$F21*AX21*IF($H21>50,4,8)+$E21*AX21 -> 0 | CR21: =$G21*AY21*IF($H21>50,18,36)+$F21*AY21*IF($H21>50,4,8)+$E21*AY21 -> 0 | ... CV21: =$G21*BC21*IF($H21>50,18,36)+$F21*BC21*IF($H21>50,4,8)+$E21*BC21 -> 0 | CX21: =O21*BH$2/($H21/50)^2 -> 4 | CY21: =P21*BI$2/($H21/50)^2 -> 0 | CZ21: =Q21*BJ$2/($H21/50)^2 -> 0 | DA21: =R21*BK$2/($H21/50)^2 -> 0 | DB21: =S21*BL$2/($H21/50)^2 -> 12.5 | DC21: =T21*BM$2/($H21/50)^2 -> 0 | DD21: =U21*BN$2/($H21/50)^2 -> 0 | DE21: =V21*BO$2/($H21/50)^2 -> 0 | ... DJ21: =AA21*BT$2/($H21/50)^2 -> 0 | DK21: =AC21*BU$2/($H21/50)^2 -> 7.5 | DL21: =AB21*BV$2/($H21/50)^2 -> 0 | DM21: =AD21*BW$2/($H21/50)^2 -> 0 | DN21: =AE21*BX$2/($H21/50)^2 -> 0 | DO21: =AI21*BY$2/($H21/50)^2 -> 0 | DP21: =AF21*BZ$2/($H21/50)^2 -> 0 | DQ21: =AH21*CA$2/($H21/50)^2 -> 0 | DR21: =AG21*CB$2/($H21/50)^2 -> 0 | DS21: =AJ21*CC$2/($H21/50)^2 -> 0 | DT21: =AM21*CD$2/($H21/50)^2 -> 0 | DU21: =AL21*CE$2/($H21/50)^2 -> 0 | DV21: =AK21*CF$2/($H21/50)^2 -> 0 | DW21: =AN21*CG$2/($H21/50)^2 -> 0 | DX21: =AQ21*CH$2/($H21/50)^2 -> 0 | DY21: =AP21*CI$2/($H21/50)^2 -> 0 | DZ21: =AO21*CJ$2/($H21/50)^2 -> 0 | EA21: =AR21*CK$2/($H21/50)^2 -> 0 | EB21: =AS21*CL$2/($H21/50)^2 -> 0 | EC21: =AT21*CM$2/($H21/50)^2 -> 0 | ED21: =AU21*CN$2/($H21/50)^2 -> 0 | EE21: =AV21*CO$2/($H21/50)^2 -> 0 | EF21: =AW21*CP$2/($H21/50)^2 -> 0 | EG21: =AX21*CQ$2/($H21/50)^2 -> 0 | EH21: =AY21*CR$2/($H21/50)^2 -> 0 | ... EL21: =BC21*CV$2/($H21/50)^2 -> 0
A22: Imperfect Boon I | B22: =IF($C$2,SUMIF(I:I,A22,BG:BG),0) -> 0 | D22: =C22+B22 -> 0 | E22: =IF(ISBLANK(H22),0,IF($C$1,0,CEILING(D22-F22*H22*0.2-G22*H22,1))) -> 0 | F22: =IF(ISBLANK(H22),0,IF($C$1,0,FLOOR((D22-G22*H22)/(H22/5),1))) -> 0 | G22: =IF(ISBLANK(H22),0,IF($C$1,CEILING(D22/H22,1),FLOOR(D22/H22,1))) -> 0 | H22: 100 | I22: =$A$5 -> Compound Base | J22: =K22*D22 -> 0 | K22: =CEILING(SUM(CX22:EL22),1)+IF(ISBLANK(I22),0,VLOOKUP(I22,A:K,11,FALSE)) -> 67 | L22: - | M22: - | N22: 1 | O22: 2 | BE22: =IF(ISNUMBER(L22),$G22*L22*25+$F22*L22*10+$E22*L22,0) -> 0 | BF22: =IF(D22>0,M22,0) -> 0 | BG22: =$G22*N22*IF($H22>50,18,36)+$F22*N22*IF($H22>50,4,8)+$E22*N22 -> 0 | BH22: =$G22*O22*IF($H22>50,18,36)+$F22*O22*IF($H22>50,4,8)+$E22*O22 -> 0 | BI22: =$G22*P22*IF($H22>50,18,36)+$F22*P22*IF($H22>50,4,8)+$E22*P22 -> 0 | BJ22: =$G22*Q22*IF($H22>50,18,36)+$F22*Q22*IF($H22>50,4,8)+$E22*Q22 -> 0 | BK22: =$G22*R22*IF($H22>50,18,36)+$F22*R22*IF($H22>50,4,8)+$E22*R22 -> 0 | BL22: =$G22*S22*IF($H22>50,18,36)+$F22*S22*IF($H22>50,4,8)+$E22*S22 -> 0 | BM22: =$G22*T22*IF($H22>50,18,36)+$F22*T22*IF($H22>50,4,8)+$E22*T22 -> 0 | BN22: =$G22*U22*IF($H22>50,18,36)+$F22*U22*IF($H22>50,4,8)+$E22*U22 -> 0 | ... BT22: =$G22*AA22*IF($H22>50,18,36)+$F22*AA22*IF($H22>50,4,8)+$E22*AA22 -> 0 | BU22: =$G22*AC22*IF($H22>50,18,36)+$F22*AC22*IF($H22>50,4,8)+$E22*AC22 -> 0 | BV22: =$G22*AB22*IF($H22>50,18,36)+$F22*AB22*IF($H22>50,4,8)+$E22*AB22 -> 0 | BW22: =$G22*AD22*IF($H22>50,18,36)+$F22*AD22*IF($H22>50,4,8)+$E22*AD22 -> 0 | BX22: =$G22*AE22*IF($H22>50,18,36)+$F22*AE22*IF($H22>50,4,8)+$E22*AE22 -> 0 | BY22: =$G22*AI22*IF($H22>50,18,36)+$F22*AI22*IF($H22>50,4,8)+$E22*AI22 -> 0 | BZ22: =$G22*AF22*IF($H22>50,18,36)+$F22*AF22*IF($H22>50,4,8)+$E22*AF22 -> 0 | CA22: =$G22*AH22*IF($H22>50,18,36)+$F22*AH22*IF($H22>50,4,8)+$E22*AH22 -> 0 | CB22: =$G22*AG22*IF($H22>50,18,36)+$F22*AG22*IF($H22>50,4,8)+$E22*AG22 -> 0 | CC22: =$G22*AJ22*IF($H22>50,18,36)+$F22*AJ22*IF($H22>50,4,8)+$E22*AJ22 -> 0 | CD22: =$G22*AM22*IF($H22>50,18,36)+$F22*AM22*IF($H22>50,4,8)+$E22*AM22 -> 0 | CE22: =$G22*AL22*IF($H22>50,18,36)+$F22*AL22*IF($H22>50,4,8)+$E22*AL22 -> 0 | CF22: =$G22*AK22*IF($H22>50,18,36)+$F22*AK22*IF($H22>50,4,8)+$E22*AK22 -> 0 | CG22: =$G22*AN22*IF($H22>50,18,36)+$F22*AN22*IF($H22>50,4,8)+$E22*AN22 -> 0 | CH22: =$G22*AQ22*IF($H22>50,18,36)+$F22*AQ22*IF($H22>50,4,8)+$E22*AQ22 -> 0 | CI22: =$G22*AP22*IF($H22>50,18,36)+$F22*AP22*IF($H22>50,4,8)+$E22*AP22 -> 0 | CJ22: =$G22*AO22*IF($H22>50,18,36)+$F22*AO22*IF($H22>50,4,8)+$E22*AO22 -> 0 | CK22: =$G22*AR22*IF($H22>50,18,36)+$F22*AR22*IF($H22>50,4,8)+$E22*AR22 -> 0 | CL22: =$G22*AS22*IF($H22>50,18,36)+$F22*AS22*IF($H22>50,4,8)+$E22*AS22 -> 0 | CM22: =$G22*AT22*IF($H22>50,18,36)+$F22*AT22*IF($H22>50,4,8)+$E22*AT22 -> 0 | CN22: =$G22*AU22*IF($H22>50,18,36)+$F22*AU22*IF($H22>50,4,8)+$E22*AU22 -> 0 | CO22: =$G22*AV22*IF($H22>50,18,36)+$F22*AV22*IF($H22>50,4,8)+$E22*AV22 -> 0 | CP22: =$G22*AW22*IF($H22>50,18,36)+$F22*AW22*IF($H22>50,4,8)+$E22*AW22 -> 0 | CQ22: =$G22*AX22*IF($H22>50,18,36)+$F22*AX22*IF($H22>50,4,8)+$E22*AX22 -> 0 | CR22: =$G22*AY22*IF($H22>50,18,36)+$F22*AY22*IF($H22>50,4,8)+$E22*AY22 -> 0 | ... CV22: =$G22*BC22*IF($H22>50,18,36)+$F22*BC22*IF($H22>50,4,8)+$E22*BC22 -> 0 | CX22: =O22*BH$2/($H22/50)^2 -> 2 | CY22: =P22*BI$2/($H22/50)^2 -> 0 | CZ22: =Q22*BJ$2/($H22/50)^2 -> 0 | DA22: =R22*BK$2/($H22/50)^2 -> 0 | DB22: =S22*BL$2/($H22/50)^2 -> 0 | DC22: =T22*BM$2/($H22/50)^2 -> 0 | DD22: =U22*BN$2/($H22/50)^2 -> 0 | DE22: =V22*BO$2/($H22/50)^2 -> 0 | ... DJ22: =AA22*BT$2/($H22/50)^2 -> 0 | DK22: =AC22*BU$2/($H22/50)^2 -> 0 | DL22: =AB22*BV$2/($H22/50)^2 -> 0 | DM22: =AD22*BW$2/($H22/50)^2 -> 0 | DN22: =AE22*BX$2/($H22/50)^2 -> 0 | DO22: =AI22*BY$2/($H22/50)^2 -> 0 | DP22: =AF22*BZ$2/($H22/50)^2 -> 0 | DQ22: =AH22*CA$2/($H22/50)^2 -> 0 | DR22: =AG22*CB$2/($H22/50)^2 -> 0 | DS22: =AJ22*CC$2/($H22/50)^2 -> 0 | DT22: =AM22*CD$2/($H22/50)^2 -> 0 | DU22: =AL22*CE$2/($H22/50)^2 -> 0 | DV22: =AK22*CF$2/($H22/50)^2 -> 0 | DW22: =AN22*CG$2/($H22/50)^2 -> 0 | DX22: =AQ22*CH$2/($H22/50)^2 -> 0 | DY22: =AP22*CI$2/($H22/50)^2 -> 0 | DZ22: =AO22*CJ$2/($H22/50)^2 -> 0 | EA22: =AR22*CK$2/($H22/50)^2 -> 0 | EB22: =AS22*CL$2/($H22/50)^2 -> 0 | EC22: =AT22*CM$2/($H22/50)^2 -> 0 | ED22: =AU22*CN$2/($H22/50)^2 -> 0 | EE22: =AV22*CO$2/($H22/50)^2 -> 0 | EF22: =AW22*CP$2/($H22/50)^2 -> 0 | EG22: =AX22*CQ$2/($H22/50)^2 -> 0 | EH22: =AY22*CR$2/($H22/50)^2 -> 0 | ... EL22: =BC22*CV$2/($H22/50)^2 -> 0
A23: Imperfect Boon II | B23: =IF($C$2,SUMIF(I:I,A23,BG:BG),0) -> 0 | D23: =C23+B23 -> 0 | E23: =IF(ISBLANK(H23),0,IF($C$1,0,CEILING(D23-F23*H23*0.2-G23*H23,1))) -> 0 | F23: =IF(ISBLANK(H23),0,IF($C$1,0,FLOOR((D23-G23*H23)/(H23/5),1))) -> 0 | G23: =IF(ISBLANK(H23),0,IF($C$1,CEILING(D23/H23,1),FLOOR(D23/H23,1))) -> 0 | H23: 100 | I23: =$A$5 -> Compound Base | J23: =K23*D23 -> 0 | K23: =CEILING(SUM(CX23:EL23),1)+IF(ISBLANK(I23),0,VLOOKUP(I23,A:K,11,FALSE)) -> 77 | L23: 200 | M23: 500 | N23: 2 | O23: 2 | Q23: 1 | AI23: 1 | BE23: =IF(ISNUMBER(L23),$G23*L23*25+$F23*L23*10+$E23*L23,0) -> 0 | BF23: =IF(D23>0,M23,0) -> 0 | BG23: =$G23*N23*IF($H23>50,18,36)+$F23*N23*IF($H23>50,4,8)+$E23*N23 -> 0 | BH23: =$G23*O23*IF($H23>50,18,36)+$F23*O23*IF($H23>50,4,8)+$E23*O23 -> 0 | BI23: =$G23*P23*IF($H23>50,18,36)+$F23*P23*IF($H23>50,4,8)+$E23*P23 -> 0 | BJ23: =$G23*Q23*IF($H23>50,18,36)+$F23*Q23*IF($H23>50,4,8)+$E23*Q23 -> 0 | BK23: =$G23*R23*IF($H23>50,18,36)+$F23*R23*IF($H23>50,4,8)+$E23*R23 -> 0 | BL23: =$G23*S23*IF($H23>50,18,36)+$F23*S23*IF($H23>50,4,8)+$E23*S23 -> 0 | BM23: =$G23*T23*IF($H23>50,18,36)+$F23*T23*IF($H23>50,4,8)+$E23*T23 -> 0 | BN23: =$G23*U23*IF($H23>50,18,36)+$F23*U23*IF($H23>50,4,8)+$E23*U23 -> 0 | ... BT23: =$G23*AA23*IF($H23>50,18,36)+$F23*AA23*IF($H23>50,4,8)+$E23*AA23 -> 0 | BU23: =$G23*AC23*IF($H23>50,18,36)+$F23*AC23*IF($H23>50,4,8)+$E23*AC23 -> 0 | BV23: =$G23*AB23*IF($H23>50,18,36)+$F23*AB23*IF($H23>50,4,8)+$E23*AB23 -> 0 | BW23: =$G23*AD23*IF($H23>50,18,36)+$F23*AD23*IF($H23>50,4,8)+$E23*AD23 -> 0 | BX23: =$G23*AE23*IF($H23>50,18,36)+$F23*AE23*IF($H23>50,4,8)+$E23*AE23 -> 0 | BY23: =$G23*AI23*IF($H23>50,18,36)+$F23*AI23*IF($H23>50,4,8)+$E23*AI23 -> 0 | BZ23: =$G23*AF23*IF($H23>50,18,36)+$F23*AF23*IF($H23>50,4,8)+$E23*AF23 -> 0 | CA23: =$G23*AH23*IF($H23>50,18,36)+$F23*AH23*IF($H23>50,4,8)+$E23*AH23 -> 0 | CB23: =$G23*AG23*IF($H23>50,18,36)+$F23*AG23*IF($H23>50,4,8)+$E23*AG23 -> 0 | CC23: =$G23*AJ23*IF($H23>50,18,36)+$F23*AJ23*IF($H23>50,4,8)+$E23*AJ23 -> 0 | CD23: =$G23*AM23*IF($H23>50,18,36)+$F23*AM23*IF($H23>50,4,8)+$E23*AM23 -> 0 | CE23: =$G23*AL23*IF($H23>50,18,36)+$F23*AL23*IF($H23>50,4,8)+$E23*AL23 -> 0 | CF23: =$G23*AK23*IF($H23>50,18,36)+$F23*AK23*IF($H23>50,4,8)+$E23*AK23 -> 0 | CG23: =$G23*AN23*IF($H23>50,18,36)+$F23*AN23*IF($H23>50,4,8)+$E23*AN23 -> 0 | CH23: =$G23*AQ23*IF($H23>50,18,36)+$F23*AQ23*IF($H23>50,4,8)+$E23*AQ23 -> 0 | CI23: =$G23*AP23*IF($H23>50,18,36)+$F23*AP23*IF($H23>50,4,8)+$E23*AP23 -> 0 | CJ23: =$G23*AO23*IF($H23>50,18,36)+$F23*AO23*IF($H23>50,4,8)+$E23*AO23 -> 0 | CK23: =$G23*AR23*IF($H23>50,18,36)+$F23*AR23*IF($H23>50,4,8)+$E23*AR23 -> 0 | CL23: =$G23*AS23*IF($H23>50,18,36)+$F23*AS23*IF($H23>50,4,8)+$E23*AS23 -> 0 | CM23: =$G23*AT23*IF($H23>50,18,36)+$F23*AT23*IF($H23>50,4,8)+$E23*AT23 -> 0 | CN23: =$G23*AU23*IF($H23>50,18,36)+$F23*AU23*IF($H23>50,4,8)+$E23*AU23 -> 0 | CO23: =$G23*AV23*IF($H23>50,18,36)+$F23*AV23*IF($H23>50,4,8)+$E23*AV23 -> 0 | CP23: =$G23*AW23*IF($H23>50,18,36)+$F23*AW23*IF($H23>50,4,8)+$E23*AW23 -> 0 | CQ23: =$G23*AX23*IF($H23>50,18,36)+$F23*AX23*IF($H23>50,4,8)+$E23*AX23 -> 0 | CR23: =$G23*AY23*IF($H23>50,18,36)+$F23*AY23*IF($H23>50,4,8)+$E23*AY23 -> 0 | ... CV23: =$G23*BC23*IF($H23>50,18,36)+$F23*BC23*IF($H23>50,4,8)+$E23*BC23 -> 0 | CX23: =O23*BH$2/($H23/50)^2 -> 2 | CY23: =P23*BI$2/($H23/50)^2 -> 0 | CZ23: =Q23*BJ$2/($H23/50)^2 -> 2.5 | DA23: =R23*BK$2/($H23/50)^2 -> 0 | DB23: =S23*BL$2/($H23/50)^2 -> 0 | DC23: =T23*BM$2/($H23/50)^2 -> 0 | DD23: =U23*BN$2/($H23/50)^2 -> 0 | DE23: =V23*BO$2/($H23/50)^2 -> 0 | ... DJ23: =AA23*BT$2/($H23/50)^2 -> 0 | DK23: =AC23*BU$2/($H23/50)^2 -> 0 | DL23: =AB23*BV$2/($H23/50)^2 -> 0 | DM23: =AD23*BW$2/($H23/50)^2 -> 0 | DN23: =AE23*BX$2/($H23/50)^2 -> 0 | DO23: =AI23*BY$2/($H23/50)^2 -> 7.5 | DP23: =AF23*BZ$2/($H23/50)^2 -> 0 | DQ23: =AH23*CA$2/($H23/50)^2 -> 0 | DR23: =AG23*CB$2/($H23/50)^2 -> 0 | DS23: =AJ23*CC$2/($H23/50)^2 -> 0 | DT23: =AM23*CD$2/($H23/50)^2 -> 0 | DU23: =AL23*CE$2/($H23/50)^2 -> 0 | DV23: =AK23*CF$2/($H23/50)^2 -> 0 | DW23: =AN23*CG$2/($H23/50)^2 -> 0 | DX23: =AQ23*CH$2/($H23/50)^2 -> 0 | DY23: =AP23*CI$2/($H23/50)^2 -> 0 | DZ23: =AO23*CJ$2/($H23/50)^2 -> 0 | EA23: =AR23*CK$2/($H23/50)^2 -> 0 | EB23: =AS23*CL$2/($H23/50)^2 -> 0 | EC23: =AT23*CM$2/($H23/50)^2 -> 0 | ED23: =AU23*CN$2/($H23/50)^2 -> 0 | EE23: =AV23*CO$2/($H23/50)^2 -> 0 | EF23: =AW23*CP$2/($H23/50)^2 -> 0 | EG23: =AX23*CQ$2/($H23/50)^2 -> 0 | EH23: =AY23*CR$2/($H23/50)^2 -> 0 | ... EL23: =BC23*CV$2/($H23/50)^2 -> 0
A24: Imperfect Boon III | B24: =IF($C$2,SUMIF(I:I,A24,BG:BG),0) -> 0 | D24: =C24+B24 -> 0 | E24: =IF(ISBLANK(H24),0,IF($C$1,0,CEILING(D24-F24*H24*0.2-G24*H24,1))) -> 0 | F24: =IF(ISBLANK(H24),0,IF($C$1,0,FLOOR((D24-G24*H24)/(H24/5),1))) -> 0 | G24: =IF(ISBLANK(H24),0,IF($C$1,CEILING(D24/H24,1),FLOOR(D24/H24,1))) -> 0 | H24: 100 | I24: =$A$5 -> Compound Base | J24: =K24*D24 -> 0 | K24: =CEILING(SUM(CX24:EL24),1)+IF(ISBLANK(I24),0,VLOOKUP(I24,A:K,11,FALSE)) -> 97 | L24: 400 | M24: 2000 | N24: 4 | O24: 4 | S24: 1 | AI24: 2 | BE24: =IF(ISNUMBER(L24),$G24*L24*25+$F24*L24*10+$E24*L24,0) -> 0 | BF24: =IF(D24>0,M24,0) -> 0 | BG24: =$G24*N24*IF($H24>50,18,36)+$F24*N24*IF($H24>50,4,8)+$E24*N24 -> 0 | BH24: =$G24*O24*IF($H24>50,18,36)+$F24*O24*IF($H24>50,4,8)+$E24*O24 -> 0 | BI24: =$G24*P24*IF($H24>50,18,36)+$F24*P24*IF($H24>50,4,8)+$E24*P24 -> 0 | BJ24: =$G24*Q24*IF($H24>50,18,36)+$F24*Q24*IF($H24>50,4,8)+$E24*Q24 -> 0 | BK24: =$G24*R24*IF($H24>50,18,36)+$F24*R24*IF($H24>50,4,8)+$E24*R24 -> 0 | BL24: =$G24*S24*IF($H24>50,18,36)+$F24*S24*IF($H24>50,4,8)+$E24*S24 -> 0 | BM24: =$G24*T24*IF($H24>50,18,36)+$F24*T24*IF($H24>50,4,8)+$E24*T24 -> 0 | BN24: =$G24*U24*IF($H24>50,18,36)+$F24*U24*IF($H24>50,4,8)+$E24*U24 -> 0 | ... BT24: =$G24*AA24*IF($H24>50,18,36)+$F24*AA24*IF($H24>50,4,8)+$E24*AA24 -> 0 | BU24: =$G24*AC24*IF($H24>50,18,36)+$F24*AC24*IF($H24>50,4,8)+$E24*AC24 -> 0 | BV24: =$G24*AB24*IF($H24>50,18,36)+$F24*AB24*IF($H24>50,4,8)+$E24*AB24 -> 0 | BW24: =$G24*AD24*IF($H24>50,18,36)+$F24*AD24*IF($H24>50,4,8)+$E24*AD24 -> 0 | BX24: =$G24*AE24*IF($H24>50,18,36)+$F24*AE24*IF($H24>50,4,8)+$E24*AE24 -> 0 | BY24: =$G24*AI24*IF($H24>50,18,36)+$F24*AI24*IF($H24>50,4,8)+$E24*AI24 -> 0 | BZ24: =$G24*AF24*IF($H24>50,18,36)+$F24*AF24*IF($H24>50,4,8)+$E24*AF24 -> 0 | CA24: =$G24*AH24*IF($H24>50,18,36)+$F24*AH24*IF($H24>50,4,8)+$E24*AH24 -> 0 | CB24: =$G24*AG24*IF($H24>50,18,36)+$F24*AG24*IF($H24>50,4,8)+$E24*AG24 -> 0 | CC24: =$G24*AJ24*IF($H24>50,18,36)+$F24*AJ24*IF($H24>50,4,8)+$E24*AJ24 -> 0 | CD24: =$G24*AM24*IF($H24>50,18,36)+$F24*AM24*IF($H24>50,4,8)+$E24*AM24 -> 0 | CE24: =$G24*AL24*IF($H24>50,18,36)+$F24*AL24*IF($H24>50,4,8)+$E24*AL24 -> 0 | CF24: =$G24*AK24*IF($H24>50,18,36)+$F24*AK24*IF($H24>50,4,8)+$E24*AK24 -> 0 | CG24: =$G24*AN24*IF($H24>50,18,36)+$F24*AN24*IF($H24>50,4,8)+$E24*AN24 -> 0 | CH24: =$G24*AQ24*IF($H24>50,18,36)+$F24*AQ24*IF($H24>50,4,8)+$E24*AQ24 -> 0 | CI24: =$G24*AP24*IF($H24>50,18,36)+$F24*AP24*IF($H24>50,4,8)+$E24*AP24 -> 0 | CJ24: =$G24*AO24*IF($H24>50,18,36)+$F24*AO24*IF($H24>50,4,8)+$E24*AO24 -> 0 | CK24: =$G24*AR24*IF($H24>50,18,36)+$F24*AR24*IF($H24>50,4,8)+$E24*AR24 -> 0 | CL24: =$G24*AS24*IF($H24>50,18,36)+$F24*AS24*IF($H24>50,4,8)+$E24*AS24 -> 0 | CM24: =$G24*AT24*IF($H24>50,18,36)+$F24*AT24*IF($H24>50,4,8)+$E24*AT24 -> 0 | CN24: =$G24*AU24*IF($H24>50,18,36)+$F24*AU24*IF($H24>50,4,8)+$E24*AU24 -> 0 | CO24: =$G24*AV24*IF($H24>50,18,36)+$F24*AV24*IF($H24>50,4,8)+$E24*AV24 -> 0 | CP24: =$G24*AW24*IF($H24>50,18,36)+$F24*AW24*IF($H24>50,4,8)+$E24*AW24 -> 0 | CQ24: =$G24*AX24*IF($H24>50,18,36)+$F24*AX24*IF($H24>50,4,8)+$E24*AX24 -> 0 | CR24: =$G24*AY24*IF($H24>50,18,36)+$F24*AY24*IF($H24>50,4,8)+$E24*AY24 -> 0 | ... CV24: =$G24*BC24*IF($H24>50,18,36)+$F24*BC24*IF($H24>50,4,8)+$E24*BC24 -> 0 | CX24: =O24*BH$2/($H24/50)^2 -> 4 | CY24: =P24*BI$2/($H24/50)^2 -> 0 | CZ24: =Q24*BJ$2/($H24/50)^2 -> 0 | DA24: =R24*BK$2/($H24/50)^2 -> 0 | DB24: =S24*BL$2/($H24/50)^2 -> 12.5 | DC24: =T24*BM$2/($H24/50)^2 -> 0 | DD24: =U24*BN$2/($H24/50)^2 -> 0 | DE24: =V24*BO$2/($H24/50)^2 -> 0 | ... DJ24: =AA24*BT$2/($H24/50)^2 -> 0 | DK24: =AC24*BU$2/($H24/50)^2 -> 0 | DL24: =AB24*BV$2/($H24/50)^2 -> 0 | DM24: =AD24*BW$2/($H24/50)^2 -> 0 | DN24: =AE24*BX$2/($H24/50)^2 -> 0 | DO24: =AI24*BY$2/($H24/50)^2 -> 15 | DP24: =AF24*BZ$2/($H24/50)^2 -> 0 | DQ24: =AH24*CA$2/($H24/50)^2 -> 0 | DR24: =AG24*CB$2/($H24/50)^2 -> 0 | DS24: =AJ24*CC$2/($H24/50)^2 -> 0 | DT24: =AM24*CD$2/($H24/50)^2 -> 0 | DU24: =AL24*CE$2/($H24/50)^2 -> 0 | DV24: =AK24*CF$2/($H24/50)^2 -> 0 | DW24: =AN24*CG$2/($H24/50)^2 -> 0 | DX24: =AQ24*CH$2/($H24/50)^2 -> 0 | DY24: =AP24*CI$2/($H24/50)^2 -> 0 | DZ24: =AO24*CJ$2/($H24/50)^2 -> 0 | EA24: =AR24*CK$2/($H24/50)^2 -> 0 | EB24: =AS24*CL$2/($H24/50)^2 -> 0 | EC24: =AT24*CM$2/($H24/50)^2 -> 0 | ED24: =AU24*CN$2/($H24/50)^2 -> 0 | EE24: =AV24*CO$2/($H24/50)^2 -> 0 | EF24: =AW24*CP$2/($H24/50)^2 -> 0 | EG24: =AX24*CQ$2/($H24/50)^2 -> 0 | EH24: =AY24*CR$2/($H24/50)^2 -> 0 | ... EL24: =BC24*CV$2/($H24/50)^2 -> 0
A25: Unstable Boon I | B25: =IF($C$2,SUMIF(I:I,A25,BG:BG),0) -> 0 | D25: =C25+B25 -> 0 | E25: =IF(ISBLANK(H25),0,IF($C$1,0,CEILING(D25-F25*H25*0.2-G25*H25,1))) -> 0 | F25: =IF(ISBLANK(H25),0,IF($C$1,0,FLOOR((D25-G25*H25)/(H25/5),1))) -> 0 | G25: =IF(ISBLANK(H25),0,IF($C$1,CEILING(D25/H25,1),FLOOR(D25/H25,1))) -> 0 | H25: 100 | I25: =$A$5 -> Compound Base | J25: =K25*D25 -> 0 | K25: =CEILING(SUM(CX25:EL25),1)+IF(ISBLANK(I25),0,VLOOKUP(I25,A:K,11,FALSE)) -> 67 | L25: - | M25: - | N25: 1 | O25: 2 | BE25: =IF(ISNUMBER(L25),$G25*L25*25+$F25*L25*10+$E25*L25,0) -> 0 | BF25: =IF(D25>0,M25,0) -> 0 | BG25: =$G25*N25*IF($H25>50,18,36)+$F25*N25*IF($H25>50,4,8)+$E25*N25 -> 0 | BH25: =$G25*O25*IF($H25>50,18,36)+$F25*O25*IF($H25>50,4,8)+$E25*O25 -> 0 | BI25: =$G25*P25*IF($H25>50,18,36)+$F25*P25*IF($H25>50,4,8)+$E25*P25 -> 0 | BJ25: =$G25*Q25*IF($H25>50,18,36)+$F25*Q25*IF($H25>50,4,8)+$E25*Q25 -> 0 | BK25: =$G25*R25*IF($H25>50,18,36)+$F25*R25*IF($H25>50,4,8)+$E25*R25 -> 0 | BL25: =$G25*S25*IF($H25>50,18,36)+$F25*S25*IF($H25>50,4,8)+$E25*S25 -> 0 | BM25: =$G25*T25*IF($H25>50,18,36)+$F25*T25*IF($H25>50,4,8)+$E25*T25 -> 0 | BN25: =$G25*U25*IF($H25>50,18,36)+$F25*U25*IF($H25>50,4,8)+$E25*U25 -> 0 | ... BT25: =$G25*AA25*IF($H25>50,18,36)+$F25*AA25*IF($H25>50,4,8)+$E25*AA25 -> 0 | BU25: =$G25*AC25*IF($H25>50,18,36)+$F25*AC25*IF($H25>50,4,8)+$E25*AC25 -> 0 | BV25: =$G25*AB25*IF($H25>50,18,36)+$F25*AB25*IF($H25>50,4,8)+$E25*AB25 -> 0 | BW25: =$G25*AD25*IF($H25>50,18,36)+$F25*AD25*IF($H25>50,4,8)+$E25*AD25 -> 0 | BX25: =$G25*AE25*IF($H25>50,18,36)+$F25*AE25*IF($H25>50,4,8)+$E25*AE25 -> 0 | BY25: =$G25*AI25*IF($H25>50,18,36)+$F25*AI25*IF($H25>50,4,8)+$E25*AI25 -> 0 | BZ25: =$G25*AF25*IF($H25>50,18,36)+$F25*AF25*IF($H25>50,4,8)+$E25*AF25 -> 0 | CA25: =$G25*AH25*IF($H25>50,18,36)+$F25*AH25*IF($H25>50,4,8)+$E25*AH25 -> 0 | CB25: =$G25*AG25*IF($H25>50,18,36)+$F25*AG25*IF($H25>50,4,8)+$E25*AG25 -> 0 | CC25: =$G25*AJ25*IF($H25>50,18,36)+$F25*AJ25*IF($H25>50,4,8)+$E25*AJ25 -> 0 | CD25: =$G25*AM25*IF($H25>50,18,36)+$F25*AM25*IF($H25>50,4,8)+$E25*AM25 -> 0 | CE25: =$G25*AL25*IF($H25>50,18,36)+$F25*AL25*IF($H25>50,4,8)+$E25*AL25 -> 0 | CF25: =$G25*AK25*IF($H25>50,18,36)+$F25*AK25*IF($H25>50,4,8)+$E25*AK25 -> 0 | CG25: =$G25*AN25*IF($H25>50,18,36)+$F25*AN25*IF($H25>50,4,8)+$E25*AN25 -> 0 | CH25: =$G25*AQ25*IF($H25>50,18,36)+$F25*AQ25*IF($H25>50,4,8)+$E25*AQ25 -> 0 | CI25: =$G25*AP25*IF($H25>50,18,36)+$F25*AP25*IF($H25>50,4,8)+$E25*AP25 -> 0 | CJ25: =$G25*AO25*IF($H25>50,18,36)+$F25*AO25*IF($H25>50,4,8)+$E25*AO25 -> 0 | CK25: =$G25*AR25*IF($H25>50,18,36)+$F25*AR25*IF($H25>50,4,8)+$E25*AR25 -> 0 | CL25: =$G25*AS25*IF($H25>50,18,36)+$F25*AS25*IF($H25>50,4,8)+$E25*AS25 -> 0 | CM25: =$G25*AT25*IF($H25>50,18,36)+$F25*AT25*IF($H25>50,4,8)+$E25*AT25 -> 0 | CN25: =$G25*AU25*IF($H25>50,18,36)+$F25*AU25*IF($H25>50,4,8)+$E25*AU25 -> 0 | CO25: =$G25*AV25*IF($H25>50,18,36)+$F25*AV25*IF($H25>50,4,8)+$E25*AV25 -> 0 | CP25: =$G25*AW25*IF($H25>50,18,36)+$F25*AW25*IF($H25>50,4,8)+$E25*AW25 -> 0 | CQ25: =$G25*AX25*IF($H25>50,18,36)+$F25*AX25*IF($H25>50,4,8)+$E25*AX25 -> 0 | CR25: =$G25*AY25*IF($H25>50,18,36)+$F25*AY25*IF($H25>50,4,8)+$E25*AY25 -> 0 | ... CV25: =$G25*BC25*IF($H25>50,18,36)+$F25*BC25*IF($H25>50,4,8)+$E25*BC25 -> 0 | CX25: =O25*BH$2/($H25/50)^2 -> 2 | CY25: =P25*BI$2/($H25/50)^2 -> 0 | CZ25: =Q25*BJ$2/($H25/50)^2 -> 0 | DA25: =R25*BK$2/($H25/50)^2 -> 0 | DB25: =S25*BL$2/($H25/50)^2 -> 0 | DC25: =T25*BM$2/($H25/50)^2 -> 0 | DD25: =U25*BN$2/($H25/50)^2 -> 0 | DE25: =V25*BO$2/($H25/50)^2 -> 0 | ... DJ25: =AA25*BT$2/($H25/50)^2 -> 0 | DK25: =AC25*BU$2/($H25/50)^2 -> 0 | DL25: =AB25*BV$2/($H25/50)^2 -> 0 | DM25: =AD25*BW$2/($H25/50)^2 -> 0 | DN25: =AE25*BX$2/($H25/50)^2 -> 0 | DO25: =AI25*BY$2/($H25/50)^2 -> 0 | DP25: =AF25*BZ$2/($H25/50)^2 -> 0 | DQ25: =AH25*CA$2/($H25/50)^2 -> 0 | DR25: =AG25*CB$2/($H25/50)^2 -> 0 | DS25: =AJ25*CC$2/($H25/50)^2 -> 0 | DT25: =AM25*CD$2/($H25/50)^2 -> 0 | DU25: =AL25*CE$2/($H25/50)^2 -> 0 | DV25: =AK25*CF$2/($H25/50)^2 -> 0 | DW25: =AN25*CG$2/($H25/50)^2 -> 0 | DX25: =AQ25*CH$2/($H25/50)^2 -> 0 | DY25: =AP25*CI$2/($H25/50)^2 -> 0 | DZ25: =AO25*CJ$2/($H25/50)^2 -> 0 | EA25: =AR25*CK$2/($H25/50)^2 -> 0 | EB25: =AS25*CL$2/($H25/50)^2 -> 0 | EC25: =AT25*CM$2/($H25/50)^2 -> 0 | ED25: =AU25*CN$2/($H25/50)^2 -> 0 | EE25: =AV25*CO$2/($H25/50)^2 -> 0 | EF25: =AW25*CP$2/($H25/50)^2 -> 0 | EG25: =AX25*CQ$2/($H25/50)^2 -> 0 | EH25: =AY25*CR$2/($H25/50)^2 -> 0 | ... EL25: =BC25*CV$2/($H25/50)^2 -> 0
A26: Unstable Boon II | B26: =IF($C$2,SUMIF(I:I,A26,BG:BG),0) -> 0 | D26: =C26+B26 -> 0 | E26: =IF(ISBLANK(H26),0,IF($C$1,0,CEILING(D26-F26*H26*0.2-G26*H26,1))) -> 0 | F26: =IF(ISBLANK(H26),0,IF($C$1,0,FLOOR((D26-G26*H26)/(H26/5),1))) -> 0 | G26: =IF(ISBLANK(H26),0,IF($C$1,CEILING(D26/H26,1),FLOOR(D26/H26,1))) -> 0 | H26: 100 | I26: =$A$5 -> Compound Base | J26: =K26*D26 -> 0 | K26: =CEILING(SUM(CX26:EL26),1)+IF(ISBLANK(I26),0,VLOOKUP(I26,A:K,11,FALSE)) -> 77 | L26: 200 | M26: 500 | N26: 2 | O26: 2 | Q26: 1 | AB26: 1 | BE26: =IF(ISNUMBER(L26),$G26*L26*25+$F26*L26*10+$E26*L26,0) -> 0 | BF26: =IF(D26>0,M26,0) -> 0 | BG26: =$G26*N26*IF($H26>50,18,36)+$F26*N26*IF($H26>50,4,8)+$E26*N26 -> 0 | BH26: =$G26*O26*IF($H26>50,18,36)+$F26*O26*IF($H26>50,4,8)+$E26*O26 -> 0 | BI26: =$G26*P26*IF($H26>50,18,36)+$F26*P26*IF($H26>50,4,8)+$E26*P26 -> 0 | BJ26: =$G26*Q26*IF($H26>50,18,36)+$F26*Q26*IF($H26>50,4,8)+$E26*Q26 -> 0 | BK26: =$G26*R26*IF($H26>50,18,36)+$F26*R26*IF($H26>50,4,8)+$E26*R26 -> 0 | BL26: =$G26*S26*IF($H26>50,18,36)+$F26*S26*IF($H26>50,4,8)+$E26*S26 -> 0 | BM26: =$G26*T26*IF($H26>50,18,36)+$F26*T26*IF($H26>50,4,8)+$E26*T26 -> 0 | BN26: =$G26*U26*IF($H26>50,18,36)+$F26*U26*IF($H26>50,4,8)+$E26*U26 -> 0 | ... BT26: =$G26*AA26*IF($H26>50,18,36)+$F26*AA26*IF($H26>50,4,8)+$E26*AA26 -> 0 | BU26: =$G26*AC26*IF($H26>50,18,36)+$F26*AC26*IF($H26>50,4,8)+$E26*AC26 -> 0 | BV26: =$G26*AB26*IF($H26>50,18,36)+$F26*AB26*IF($H26>50,4,8)+$E26*AB26 -> 0 | BW26: =$G26*AD26*IF($H26>50,18,36)+$F26*AD26*IF($H26>50,4,8)+$E26*AD26 -> 0 | BX26: =$G26*AE26*IF($H26>50,18,36)+$F26*AE26*IF($H26>50,4,8)+$E26*AE26 -> 0 | BY26: =$G26*AI26*IF($H26>50,18,36)+$F26*AI26*IF($H26>50,4,8)+$E26*AI26 -> 0 | BZ26: =$G26*AF26*IF($H26>50,18,36)+$F26*AF26*IF($H26>50,4,8)+$E26*AF26 -> 0 | CA26: =$G26*AH26*IF($H26>50,18,36)+$F26*AH26*IF($H26>50,4,8)+$E26*AH26 -> 0 | CB26: =$G26*AG26*IF($H26>50,18,36)+$F26*AG26*IF($H26>50,4,8)+$E26*AG26 -> 0 | CC26: =$G26*AJ26*IF($H26>50,18,36)+$F26*AJ26*IF($H26>50,4,8)+$E26*AJ26 -> 0 | CD26: =$G26*AM26*IF($H26>50,18,36)+$F26*AM26*IF($H26>50,4,8)+$E26*AM26 -> 0 | CE26: =$G26*AL26*IF($H26>50,18,36)+$F26*AL26*IF($H26>50,4,8)+$E26*AL26 -> 0 | CF26: =$G26*AK26*IF($H26>50,18,36)+$F26*AK26*IF($H26>50,4,8)+$E26*AK26 -> 0 | CG26: =$G26*AN26*IF($H26>50,18,36)+$F26*AN26*IF($H26>50,4,8)+$E26*AN26 -> 0 | CH26: =$G26*AQ26*IF($H26>50,18,36)+$F26*AQ26*IF($H26>50,4,8)+$E26*AQ26 -> 0 | CI26: =$G26*AP26*IF($H26>50,18,36)+$F26*AP26*IF($H26>50,4,8)+$E26*AP26 -> 0 | CJ26: =$G26*AO26*IF($H26>50,18,36)+$F26*AO26*IF($H26>50,4,8)+$E26*AO26 -> 0 | CK26: =$G26*AR26*IF($H26>50,18,36)+$F26*AR26*IF($H26>50,4,8)+$E26*AR26 -> 0 | CL26: =$G26*AS26*IF($H26>50,18,36)+$F26*AS26*IF($H26>50,4,8)+$E26*AS26 -> 0 | CM26: =$G26*AT26*IF($H26>50,18,36)+$F26*AT26*IF($H26>50,4,8)+$E26*AT26 -> 0 | CN26: =$G26*AU26*IF($H26>50,18,36)+$F26*AU26*IF($H26>50,4,8)+$E26*AU26 -> 0 | CO26: =$G26*AV26*IF($H26>50,18,36)+$F26*AV26*IF($H26>50,4,8)+$E26*AV26 -> 0 | CP26: =$G26*AW26*IF($H26>50,18,36)+$F26*AW26*IF($H26>50,4,8)+$E26*AW26 -> 0 | CQ26: =$G26*AX26*IF($H26>50,18,36)+$F26*AX26*IF($H26>50,4,8)+$E26*AX26 -> 0 | CR26: =$G26*AY26*IF($H26>50,18,36)+$F26*AY26*IF($H26>50,4,8)+$E26*AY26 -> 0 | ... CV26: =$G26*BC26*IF($H26>50,18,36)+$F26*BC26*IF($H26>50,4,8)+$E26*BC26 -> 0 | CX26: =O26*BH$2/($H26/50)^2 -> 2 | CY26: =P26*BI$2/($H26/50)^2 -> 0 | CZ26: =Q26*BJ$2/($H26/50)^2 -> 2.5 | DA26: =R26*BK$2/($H26/50)^2 -> 0 | DB26: =S26*BL$2/($H26/50)^2 -> 0 | DC26: =T26*BM$2/($H26/50)^2 -> 0 | DD26: =U26*BN$2/($H26/50)^2 -> 0 | DE26: =V26*BO$2/($H26/50)^2 -> 0 | ... DJ26: =AA26*BT$2/($H26/50)^2 -> 0 | DK26: =AC26*BU$2/($H26/50)^2 -> 0 | DL26: =AB26*BV$2/($H26/50)^2 -> 7.5 | DM26: =AD26*BW$2/($H26/50)^2 -> 0 | DN26: =AE26*BX$2/($H26/50)^2 -> 0 | DO26: =AI26*BY$2/($H26/50)^2 -> 0 | DP26: =AF26*BZ$2/($H26/50)^2 -> 0 | DQ26: =AH26*CA$2/($H26/50)^2 -> 0 | DR26: =AG26*CB$2/($H26/50)^2 -> 0 | DS26: =AJ26*CC$2/($H26/50)^2 -> 0 | DT26: =AM26*CD$2/($H26/50)^2 -> 0 | DU26: =AL26*CE$2/($H26/50)^2 -> 0 | DV26: =AK26*CF$2/($H26/50)^2 -> 0 | DW26: =AN26*CG$2/($H26/50)^2 -> 0 | DX26: =AQ26*CH$2/($H26/50)^2 -> 0 | DY26: =AP26*CI$2/($H26/50)^2 -> 0 | DZ26: =AO26*CJ$2/($H26/50)^2 -> 0 | EA26: =AR26*CK$2/($H26/50)^2 -> 0 | EB26: =AS26*CL$2/($H26/50)^2 -> 0 | EC26: =AT26*CM$2/($H26/50)^2 -> 0 | ED26: =AU26*CN$2/($H26/50)^2 -> 0 | EE26: =AV26*CO$2/($H26/50)^2 -> 0 | EF26: =AW26*CP$2/($H26/50)^2 -> 0 | EG26: =AX26*CQ$2/($H26/50)^2 -> 0 | EH26: =AY26*CR$2/($H26/50)^2 -> 0 | ... EL26: =BC26*CV$2/($H26/50)^2 -> 0
A27: Unstable Boon III | B27: =IF($C$2,SUMIF(I:I,A27,BG:BG),0) -> 0 | D27: =C27+B27 -> 0 | E27: =IF(ISBLANK(H27),0,IF($C$1,0,CEILING(D27-F27*H27*0.2-G27*H27,1))) -> 0 | F27: =IF(ISBLANK(H27),0,IF($C$1,0,FLOOR((D27-G27*H27)/(H27/5),1))) -> 0 | G27: =IF(ISBLANK(H27),0,IF($C$1,CEILING(D27/H27,1),FLOOR(D27/H27,1))) -> 0 | H27: 100 | I27: =$A$5 -> Compound Base | J27: =K27*D27 -> 0 | K27: =CEILING(SUM(CX27:EL27),1)+IF(ISBLANK(I27),0,VLOOKUP(I27,A:K,11,FALSE)) -> 97 | L27: 400 | M27: 2000 | N27: 4 | O27: 4 | S27: 1 | AB27: 2 | BE27: =IF(ISNUMBER(L27),$G27*L27*25+$F27*L27*10+$E27*L27,0) -> 0 | BF27: =IF(D27>0,M27,0) -> 0 | BG27: =$G27*N27*IF($H27>50,18,36)+$F27*N27*IF($H27>50,4,8)+$E27*N27 -> 0 | BH27: =$G27*O27*IF($H27>50,18,36)+$F27*O27*IF($H27>50,4,8)+$E27*O27 -> 0 | BI27: =$G27*P27*IF($H27>50,18,36)+$F27*P27*IF($H27>50,4,8)+$E27*P27 -> 0 | BJ27: =$G27*Q27*IF($H27>50,18,36)+$F27*Q27*IF($H27>50,4,8)+$E27*Q27 -> 0 | BK27: =$G27*R27*IF($H27>50,18,36)+$F27*R27*IF($H27>50,4,8)+$E27*R27 -> 0 | BL27: =$G27*S27*IF($H27>50,18,36)+$F27*S27*IF($H27>50,4,8)+$E27*S27 -> 0 | BM27: =$G27*T27*IF($H27>50,18,36)+$F27*T27*IF($H27>50,4,8)+$E27*T27 -> 0 | BN27: =$G27*U27*IF($H27>50,18,36)+$F27*U27*IF($H27>50,4,8)+$E27*U27 -> 0 | ... BT27: =$G27*AA27*IF($H27>50,18,36)+$F27*AA27*IF($H27>50,4,8)+$E27*AA27 -> 0 | BU27: =$G27*AC27*IF($H27>50,18,36)+$F27*AC27*IF($H27>50,4,8)+$E27*AC27 -> 0 | BV27: =$G27*AB27*IF($H27>50,18,36)+$F27*AB27*IF($H27>50,4,8)+$E27*AB27 -> 0 | BW27: =$G27*AD27*IF($H27>50,18,36)+$F27*AD27*IF($H27>50,4,8)+$E27*AD27 -> 0 | BX27: =$G27*AE27*IF($H27>50,18,36)+$F27*AE27*IF($H27>50,4,8)+$E27*AE27 -> 0 | BY27: =$G27*AI27*IF($H27>50,18,36)+$F27*AI27*IF($H27>50,4,8)+$E27*AI27 -> 0 | BZ27: =$G27*AF27*IF($H27>50,18,36)+$F27*AF27*IF($H27>50,4,8)+$E27*AF27 -> 0 | CA27: =$G27*AH27*IF($H27>50,18,36)+$F27*AH27*IF($H27>50,4,8)+$E27*AH27 -> 0 | CB27: =$G27*AG27*IF($H27>50,18,36)+$F27*AG27*IF($H27>50,4,8)+$E27*AG27 -> 0 | CC27: =$G27*AJ27*IF($H27>50,18,36)+$F27*AJ27*IF($H27>50,4,8)+$E27*AJ27 -> 0 | CD27: =$G27*AM27*IF($H27>50,18,36)+$F27*AM27*IF($H27>50,4,8)+$E27*AM27 -> 0 | CE27: =$G27*AL27*IF($H27>50,18,36)+$F27*AL27*IF($H27>50,4,8)+$E27*AL27 -> 0 | CF27: =$G27*AK27*IF($H27>50,18,36)+$F27*AK27*IF($H27>50,4,8)+$E27*AK27 -> 0 | CG27: =$G27*AN27*IF($H27>50,18,36)+$F27*AN27*IF($H27>50,4,8)+$E27*AN27 -> 0 | CH27: =$G27*AQ27*IF($H27>50,18,36)+$F27*AQ27*IF($H27>50,4,8)+$E27*AQ27 -> 0 | CI27: =$G27*AP27*IF($H27>50,18,36)+$F27*AP27*IF($H27>50,4,8)+$E27*AP27 -> 0 | CJ27: =$G27*AO27*IF($H27>50,18,36)+$F27*AO27*IF($H27>50,4,8)+$E27*AO27 -> 0 | CK27: =$G27*AR27*IF($H27>50,18,36)+$F27*AR27*IF($H27>50,4,8)+$E27*AR27 -> 0 | CL27: =$G27*AS27*IF($H27>50,18,36)+$F27*AS27*IF($H27>50,4,8)+$E27*AS27 -> 0 | CM27: =$G27*AT27*IF($H27>50,18,36)+$F27*AT27*IF($H27>50,4,8)+$E27*AT27 -> 0 | CN27: =$G27*AU27*IF($H27>50,18,36)+$F27*AU27*IF($H27>50,4,8)+$E27*AU27 -> 0 | CO27: =$G27*AV27*IF($H27>50,18,36)+$F27*AV27*IF($H27>50,4,8)+$E27*AV27 -> 0 | CP27: =$G27*AW27*IF($H27>50,18,36)+$F27*AW27*IF($H27>50,4,8)+$E27*AW27 -> 0 | CQ27: =$G27*AX27*IF($H27>50,18,36)+$F27*AX27*IF($H27>50,4,8)+$E27*AX27 -> 0 | CR27: =$G27*AY27*IF($H27>50,18,36)+$F27*AY27*IF($H27>50,4,8)+$E27*AY27 -> 0 | ... CV27: =$G27*BC27*IF($H27>50,18,36)+$F27*BC27*IF($H27>50,4,8)+$E27*BC27 -> 0 | CX27: =O27*BH$2/($H27/50)^2 -> 4 | CY27: =P27*BI$2/($H27/50)^2 -> 0 | CZ27: =Q27*BJ$2/($H27/50)^2 -> 0 | DA27: =R27*BK$2/($H27/50)^2 -> 0 | DB27: =S27*BL$2/($H27/50)^2 -> 12.5 | DC27: =T27*BM$2/($H27/50)^2 -> 0 | DD27: =U27*BN$2/($H27/50)^2 -> 0 | DE27: =V27*BO$2/($H27/50)^2 -> 0 | ... DJ27: =AA27*BT$2/($H27/50)^2 -> 0 | DK27: =AC27*BU$2/($H27/50)^2 -> 0 | DL27: =AB27*BV$2/($H27/50)^2 -> 15 | DM27: =AD27*BW$2/($H27/50)^2 -> 0 | DN27: =AE27*BX$2/($H27/50)^2 -> 0 | DO27: =AI27*BY$2/($H27/50)^2 -> 0 | DP27: =AF27*BZ$2/($H27/50)^2 -> 0 | DQ27: =AH27*CA$2/($H27/50)^2 -> 0 | DR27: =AG27*CB$2/($H27/50)^2 -> 0 | DS27: =AJ27*CC$2/($H27/50)^2 -> 0 | DT27: =AM27*CD$2/($H27/50)^2 -> 0 | DU27: =AL27*CE$2/($H27/50)^2 -> 0 | DV27: =AK27*CF$2/($H27/50)^2 -> 0 | DW27: =AN27*CG$2/($H27/50)^2 -> 0 | DX27: =AQ27*CH$2/($H27/50)^2 -> 0 | DY27: =AP27*CI$2/($H27/50)^2 -> 0 | DZ27: =AO27*CJ$2/($H27/50)^2 -> 0 | EA27: =AR27*CK$2/($H27/50)^2 -> 0 | EB27: =AS27*CL$2/($H27/50)^2 -> 0 | EC27: =AT27*CM$2/($H27/50)^2 -> 0 | ED27: =AU27*CN$2/($H27/50)^2 -> 0 | EE27: =AV27*CO$2/($H27/50)^2 -> 0 | EF27: =AW27*CP$2/($H27/50)^2 -> 0 | EG27: =AX27*CQ$2/($H27/50)^2 -> 0 | EH27: =AY27*CR$2/($H27/50)^2 -> 0 | ... EL27: =BC27*CV$2/($H27/50)^2 -> 0
A28: Draining Boon I | B28: =IF($C$2,SUMIF(I:I,A28,BG:BG),0) -> 0 | D28: =C28+B28 -> 0 | E28: =IF(ISBLANK(H28),0,IF($C$1,0,CEILING(D28-F28*H28*0.2-G28*H28,1))) -> 0 | F28: =IF(ISBLANK(H28),0,IF($C$1,0,FLOOR((D28-G28*H28)/(H28/5),1))) -> 0 | G28: =IF(ISBLANK(H28),0,IF($C$1,CEILING(D28/H28,1),FLOOR(D28/H28,1))) -> 0 | H28: 100 | I28: =$A$5 -> Compound Base | J28: =K28*D28 -> 0 | K28: =CEILING(SUM(CX28:EL28),1)+IF(ISBLANK(I28),0,VLOOKUP(I28,A:K,11,FALSE)) -> 77 | L28: 200 | M28: 1000 | N28: 2 | O28: 2 | Q28: 1 | AB28: 1 | BE28: =IF(ISNUMBER(L28),$G28*L28*25+$F28*L28*10+$E28*L28,0) -> 0 | BF28: =IF(D28>0,M28,0) -> 0 | BG28: =$G28*N28*IF($H28>50,18,36)+$F28*N28*IF($H28>50,4,8)+$E28*N28 -> 0 | BH28: =$G28*O28*IF($H28>50,18,36)+$F28*O28*IF($H28>50,4,8)+$E28*O28 -> 0 | BI28: =$G28*P28*IF($H28>50,18,36)+$F28*P28*IF($H28>50,4,8)+$E28*P28 -> 0 | BJ28: =$G28*Q28*IF($H28>50,18,36)+$F28*Q28*IF($H28>50,4,8)+$E28*Q28 -> 0 | BK28: =$G28*R28*IF($H28>50,18,36)+$F28*R28*IF($H28>50,4,8)+$E28*R28 -> 0 | BL28: =$G28*S28*IF($H28>50,18,36)+$F28*S28*IF($H28>50,4,8)+$E28*S28 -> 0 | BM28: =$G28*T28*IF($H28>50,18,36)+$F28*T28*IF($H28>50,4,8)+$E28*T28 -> 0 | BN28: =$G28*U28*IF($H28>50,18,36)+$F28*U28*IF($H28>50,4,8)+$E28*U28 -> 0 | ... BT28: =$G28*AA28*IF($H28>50,18,36)+$F28*AA28*IF($H28>50,4,8)+$E28*AA28 -> 0 | BU28: =$G28*AC28*IF($H28>50,18,36)+$F28*AC28*IF($H28>50,4,8)+$E28*AC28 -> 0 | BV28: =$G28*AB28*IF($H28>50,18,36)+$F28*AB28*IF($H28>50,4,8)+$E28*AB28 -> 0 | BW28: =$G28*AD28*IF($H28>50,18,36)+$F28*AD28*IF($H28>50,4,8)+$E28*AD28 -> 0 | BX28: =$G28*AE28*IF($H28>50,18,36)+$F28*AE28*IF($H28>50,4,8)+$E28*AE28 -> 0 | BY28: =$G28*AI28*IF($H28>50,18,36)+$F28*AI28*IF($H28>50,4,8)+$E28*AI28 -> 0 | BZ28: =$G28*AF28*IF($H28>50,18,36)+$F28*AF28*IF($H28>50,4,8)+$E28*AF28 -> 0 | CA28: =$G28*AH28*IF($H28>50,18,36)+$F28*AH28*IF($H28>50,4,8)+$E28*AH28 -> 0 | CB28: =$G28*AG28*IF($H28>50,18,36)+$F28*AG28*IF($H28>50,4,8)+$E28*AG28 -> 0 | CC28: =$G28*AJ28*IF($H28>50,18,36)+$F28*AJ28*IF($H28>50,4,8)+$E28*AJ28 -> 0 | CD28: =$G28*AM28*IF($H28>50,18,36)+$F28*AM28*IF($H28>50,4,8)+$E28*AM28 -> 0 | CE28: =$G28*AL28*IF($H28>50,18,36)+$F28*AL28*IF($H28>50,4,8)+$E28*AL28 -> 0 | CF28: =$G28*AK28*IF($H28>50,18,36)+$F28*AK28*IF($H28>50,4,8)+$E28*AK28 -> 0 | CG28: =$G28*AN28*IF($H28>50,18,36)+$F28*AN28*IF($H28>50,4,8)+$E28*AN28 -> 0 | CH28: =$G28*AQ28*IF($H28>50,18,36)+$F28*AQ28*IF($H28>50,4,8)+$E28*AQ28 -> 0 | CI28: =$G28*AP28*IF($H28>50,18,36)+$F28*AP28*IF($H28>50,4,8)+$E28*AP28 -> 0 | CJ28: =$G28*AO28*IF($H28>50,18,36)+$F28*AO28*IF($H28>50,4,8)+$E28*AO28 -> 0 | CK28: =$G28*AR28*IF($H28>50,18,36)+$F28*AR28*IF($H28>50,4,8)+$E28*AR28 -> 0 | CL28: =$G28*AS28*IF($H28>50,18,36)+$F28*AS28*IF($H28>50,4,8)+$E28*AS28 -> 0 | CM28: =$G28*AT28*IF($H28>50,18,36)+$F28*AT28*IF($H28>50,4,8)+$E28*AT28 -> 0 | CN28: =$G28*AU28*IF($H28>50,18,36)+$F28*AU28*IF($H28>50,4,8)+$E28*AU28 -> 0 | CO28: =$G28*AV28*IF($H28>50,18,36)+$F28*AV28*IF($H28>50,4,8)+$E28*AV28 -> 0 | CP28: =$G28*AW28*IF($H28>50,18,36)+$F28*AW28*IF($H28>50,4,8)+$E28*AW28 -> 0 | CQ28: =$G28*AX28*IF($H28>50,18,36)+$F28*AX28*IF($H28>50,4,8)+$E28*AX28 -> 0 | CR28: =$G28*AY28*IF($H28>50,18,36)+$F28*AY28*IF($H28>50,4,8)+$E28*AY28 -> 0 | ... CV28: =$G28*BC28*IF($H28>50,18,36)+$F28*BC28*IF($H28>50,4,8)+$E28*BC28 -> 0 | CX28: =O28*BH$2/($H28/50)^2 -> 2 | CY28: =P28*BI$2/($H28/50)^2 -> 0 | CZ28: =Q28*BJ$2/($H28/50)^2 -> 2.5 | DA28: =R28*BK$2/($H28/50)^2 -> 0 | DB28: =S28*BL$2/($H28/50)^2 -> 0 | DC28: =T28*BM$2/($H28/50)^2 -> 0 | DD28: =U28*BN$2/($H28/50)^2 -> 0 | DE28: =V28*BO$2/($H28/50)^2 -> 0 | ... DJ28: =AA28*BT$2/($H28/50)^2 -> 0 | DK28: =AC28*BU$2/($H28/50)^2 -> 0 | DL28: =AB28*BV$2/($H28/50)^2 -> 7.5 | DM28: =AD28*BW$2/($H28/50)^2 -> 0 | DN28: =AE28*BX$2/($H28/50)^2 -> 0 | DO28: =AI28*BY$2/($H28/50)^2 -> 0 | DP28: =AF28*BZ$2/($H28/50)^2 -> 0 | DQ28: =AH28*CA$2/($H28/50)^2 -> 0 | DR28: =AG28*CB$2/($H28/50)^2 -> 0 | DS28: =AJ28*CC$2/($H28/50)^2 -> 0 | DT28: =AM28*CD$2/($H28/50)^2 -> 0 | DU28: =AL28*CE$2/($H28/50)^2 -> 0 | DV28: =AK28*CF$2/($H28/50)^2 -> 0 | DW28: =AN28*CG$2/($H28/50)^2 -> 0 | DX28: =AQ28*CH$2/($H28/50)^2 -> 0 | DY28: =AP28*CI$2/($H28/50)^2 -> 0 | DZ28: =AO28*CJ$2/($H28/50)^2 -> 0 | EA28: =AR28*CK$2/($H28/50)^2 -> 0 | EB28: =AS28*CL$2/($H28/50)^2 -> 0 | EC28: =AT28*CM$2/($H28/50)^2 -> 0 | ED28: =AU28*CN$2/($H28/50)^2 -> 0 | EE28: =AV28*CO$2/($H28/50)^2 -> 0 | EF28: =AW28*CP$2/($H28/50)^2 -> 0 | EG28: =AX28*CQ$2/($H28/50)^2 -> 0 | EH28: =AY28*CR$2/($H28/50)^2 -> 0 | ... EL28: =BC28*CV$2/($H28/50)^2 -> 0
A29: Draining Boon II | B29: =IF($C$2,SUMIF(I:I,A29,BG:BG),0) -> 0 | D29: =C29+B29 -> 0 | E29: =IF(ISBLANK(H29),0,IF($C$1,0,CEILING(D29-F29*H29*0.2-G29*H29,1))) -> 0 | F29: =IF(ISBLANK(H29),0,IF($C$1,0,FLOOR((D29-G29*H29)/(H29/5),1))) -> 0 | G29: =IF(ISBLANK(H29),0,IF($C$1,CEILING(D29/H29,1),FLOOR(D29/H29,1))) -> 0 | H29: 100 | I29: =$A$5 -> Compound Base | J29: =K29*D29 -> 0 | K29: =CEILING(SUM(CX29:EL29),1)+IF(ISBLANK(I29),0,VLOOKUP(I29,A:K,11,FALSE)) -> 97 | L29: 400 | M29: 2500 | N29: 4 | O29: 4 | S29: 1 | AB29: 2 | BE29: =IF(ISNUMBER(L29),$G29*L29*25+$F29*L29*10+$E29*L29,0) -> 0 | BF29: =IF(D29>0,M29,0) -> 0 | BG29: =$G29*N29*IF($H29>50,18,36)+$F29*N29*IF($H29>50,4,8)+$E29*N29 -> 0 | BH29: =$G29*O29*IF($H29>50,18,36)+$F29*O29*IF($H29>50,4,8)+$E29*O29 -> 0 | BI29: =$G29*P29*IF($H29>50,18,36)+$F29*P29*IF($H29>50,4,8)+$E29*P29 -> 0 | BJ29: =$G29*Q29*IF($H29>50,18,36)+$F29*Q29*IF($H29>50,4,8)+$E29*Q29 -> 0 | BK29: =$G29*R29*IF($H29>50,18,36)+$F29*R29*IF($H29>50,4,8)+$E29*R29 -> 0 | BL29: =$G29*S29*IF($H29>50,18,36)+$F29*S29*IF($H29>50,4,8)+$E29*S29 -> 0 | BM29: =$G29*T29*IF($H29>50,18,36)+$F29*T29*IF($H29>50,4,8)+$E29*T29 -> 0 | BN29: =$G29*U29*IF($H29>50,18,36)+$F29*U29*IF($H29>50,4,8)+$E29*U29 -> 0 | ... BT29: =$G29*AA29*IF($H29>50,18,36)+$F29*AA29*IF($H29>50,4,8)+$E29*AA29 -> 0 | BU29: =$G29*AC29*IF($H29>50,18,36)+$F29*AC29*IF($H29>50,4,8)+$E29*AC29 -> 0 | BV29: =$G29*AB29*IF($H29>50,18,36)+$F29*AB29*IF($H29>50,4,8)+$E29*AB29 -> 0 | BW29: =$G29*AD29*IF($H29>50,18,36)+$F29*AD29*IF($H29>50,4,8)+$E29*AD29 -> 0 | BX29: =$G29*AE29*IF($H29>50,18,36)+$F29*AE29*IF($H29>50,4,8)+$E29*AE29 -> 0 | BY29: =$G29*AI29*IF($H29>50,18,36)+$F29*AI29*IF($H29>50,4,8)+$E29*AI29 -> 0 | BZ29: =$G29*AF29*IF($H29>50,18,36)+$F29*AF29*IF($H29>50,4,8)+$E29*AF29 -> 0 | CA29: =$G29*AH29*IF($H29>50,18,36)+$F29*AH29*IF($H29>50,4,8)+$E29*AH29 -> 0 | CB29: =$G29*AG29*IF($H29>50,18,36)+$F29*AG29*IF($H29>50,4,8)+$E29*AG29 -> 0 | CC29: =$G29*AJ29*IF($H29>50,18,36)+$F29*AJ29*IF($H29>50,4,8)+$E29*AJ29 -> 0 | CD29: =$G29*AM29*IF($H29>50,18,36)+$F29*AM29*IF($H29>50,4,8)+$E29*AM29 -> 0 | CE29: =$G29*AL29*IF($H29>50,18,36)+$F29*AL29*IF($H29>50,4,8)+$E29*AL29 -> 0 | CF29: =$G29*AK29*IF($H29>50,18,36)+$F29*AK29*IF($H29>50,4,8)+$E29*AK29 -> 0 | CG29: =$G29*AN29*IF($H29>50,18,36)+$F29*AN29*IF($H29>50,4,8)+$E29*AN29 -> 0 | CH29: =$G29*AQ29*IF($H29>50,18,36)+$F29*AQ29*IF($H29>50,4,8)+$E29*AQ29 -> 0 | CI29: =$G29*AP29*IF($H29>50,18,36)+$F29*AP29*IF($H29>50,4,8)+$E29*AP29 -> 0 | CJ29: =$G29*AO29*IF($H29>50,18,36)+$F29*AO29*IF($H29>50,4,8)+$E29*AO29 -> 0 | CK29: =$G29*AR29*IF($H29>50,18,36)+$F29*AR29*IF($H29>50,4,8)+$E29*AR29 -> 0 | CL29: =$G29*AS29*IF($H29>50,18,36)+$F29*AS29*IF($H29>50,4,8)+$E29*AS29 -> 0 | CM29: =$G29*AT29*IF($H29>50,18,36)+$F29*AT29*IF($H29>50,4,8)+$E29*AT29 -> 0 | CN29: =$G29*AU29*IF($H29>50,18,36)+$F29*AU29*IF($H29>50,4,8)+$E29*AU29 -> 0 | CO29: =$G29*AV29*IF($H29>50,18,36)+$F29*AV29*IF($H29>50,4,8)+$E29*AV29 -> 0 | CP29: =$G29*AW29*IF($H29>50,18,36)+$F29*AW29*IF($H29>50,4,8)+$E29*AW29 -> 0 | CQ29: =$G29*AX29*IF($H29>50,18,36)+$F29*AX29*IF($H29>50,4,8)+$E29*AX29 -> 0 | CR29: =$G29*AY29*IF($H29>50,18,36)+$F29*AY29*IF($H29>50,4,8)+$E29*AY29 -> 0 | ... CV29: =$G29*BC29*IF($H29>50,18,36)+$F29*BC29*IF($H29>50,4,8)+$E29*BC29 -> 0 | CX29: =O29*BH$2/($H29/50)^2 -> 4 | CY29: =P29*BI$2/($H29/50)^2 -> 0 | CZ29: =Q29*BJ$2/($H29/50)^2 -> 0 | DA29: =R29*BK$2/($H29/50)^2 -> 0 | DB29: =S29*BL$2/($H29/50)^2 -> 12.5 | DC29: =T29*BM$2/($H29/50)^2 -> 0 | DD29: =U29*BN$2/($H29/50)^2 -> 0 | DE29: =V29*BO$2/($H29/50)^2 -> 0 | ... DJ29: =AA29*BT$2/($H29/50)^2 -> 0 | DK29: =AC29*BU$2/($H29/50)^2 -> 0 | DL29: =AB29*BV$2/($H29/50)^2 -> 15 | DM29: =AD29*BW$2/($H29/50)^2 -> 0 | DN29: =AE29*BX$2/($H29/50)^2 -> 0 | DO29: =AI29*BY$2/($H29/50)^2 -> 0 | DP29: =AF29*BZ$2/($H29/50)^2 -> 0 | DQ29: =AH29*CA$2/($H29/50)^2 -> 0 | DR29: =AG29*CB$2/($H29/50)^2 -> 0 | DS29: =AJ29*CC$2/($H29/50)^2 -> 0 | DT29: =AM29*CD$2/($H29/50)^2 -> 0 | DU29: =AL29*CE$2/($H29/50)^2 -> 0 | DV29: =AK29*CF$2/($H29/50)^2 -> 0 | DW29: =AN29*CG$2/($H29/50)^2 -> 0 | DX29: =AQ29*CH$2/($H29/50)^2 -> 0 | DY29: =AP29*CI$2/($H29/50)^2 -> 0 | DZ29: =AO29*CJ$2/($H29/50)^2 -> 0 | EA29: =AR29*CK$2/($H29/50)^2 -> 0 | EB29: =AS29*CL$2/($H29/50)^2 -> 0 | EC29: =AT29*CM$2/($H29/50)^2 -> 0 | ED29: =AU29*CN$2/($H29/50)^2 -> 0 | EE29: =AV29*CO$2/($H29/50)^2 -> 0 | EF29: =AW29*CP$2/($H29/50)^2 -> 0 | EG29: =AX29*CQ$2/($H29/50)^2 -> 0 | EH29: =AY29*CR$2/($H29/50)^2 -> 0 | ... EL29: =BC29*CV$2/($H29/50)^2 -> 0
A30: Corrupted Boon I | B30: =IF($C$2,SUMIF(I:I,A30,BG:BG),0) -> 0 | C30: 20 | D30: =C30+B30 -> 20 | E30: =IF(ISBLANK(H30),0,IF($C$1,0,CEILING(D30-F30*H30*0.2-G30*H30,1))) -> 0 | F30: =IF(ISBLANK(H30),0,IF($C$1,0,FLOOR((D30-G30*H30)/(H30/5),1))) -> 1 | G30: =IF(ISBLANK(H30),0,IF($C$1,CEILING(D30/H30,1),FLOOR(D30/H30,1))) -> 0 | H30: 100 | I30: =$A$5 -> Compound Base | J30: =K30*D30 -> 1540 | K30: =CEILING(SUM(CX30:EL30),1)+IF(ISBLANK(I30),0,VLOOKUP(I30,A:K,11,FALSE)) -> 77 | L30: 200 | M30: 1000 | N30: 2 | O30: 2 | Q30: 1 | AD30: 1 | BE30: =IF(ISNUMBER(L30),$G30*L30*25+$F30*L30*10+$E30*L30,0) -> 2000 | BF30: =IF(D30>0,M30,0) -> 1000 | BG30: =$G30*N30*IF($H30>50,18,36)+$F30*N30*IF($H30>50,4,8)+$E30*N30 -> 8 | BH30: =$G30*O30*IF($H30>50,18,36)+$F30*O30*IF($H30>50,4,8)+$E30*O30 -> 8 | BI30: =$G30*P30*IF($H30>50,18,36)+$F30*P30*IF($H30>50,4,8)+$E30*P30 -> 0 | BJ30: =$G30*Q30*IF($H30>50,18,36)+$F30*Q30*IF($H30>50,4,8)+$E30*Q30 -> 4 | BK30: =$G30*R30*IF($H30>50,18,36)+$F30*R30*IF($H30>50,4,8)+$E30*R30 -> 0 | BL30: =$G30*S30*IF($H30>50,18,36)+$F30*S30*IF($H30>50,4,8)+$E30*S30 -> 0 | BM30: =$G30*T30*IF($H30>50,18,36)+$F30*T30*IF($H30>50,4,8)+$E30*T30 -> 0 | BN30: =$G30*U30*IF($H30>50,18,36)+$F30*U30*IF($H30>50,4,8)+$E30*U30 -> 0 | ... BT30: =$G30*AA30*IF($H30>50,18,36)+$F30*AA30*IF($H30>50,4,8)+$E30*AA30 -> 0 | BU30: =$G30*AC30*IF($H30>50,18,36)+$F30*AC30*IF($H30>50,4,8)+$E30*AC30 -> 0 | BV30: =$G30*AB30*IF($H30>50,18,36)+$F30*AB30*IF($H30>50,4,8)+$E30*AB30 -> 0 | BW30: =$G30*AD30*IF($H30>50,18,36)+$F30*AD30*IF($H30>50,4,8)+$E30*AD30 -> 4 | BX30: =$G30*AE30*IF($H30>50,18,36)+$F30*AE30*IF($H30>50,4,8)+$E30*AE30 -> 0 | BY30: =$G30*AI30*IF($H30>50,18,36)+$F30*AI30*IF($H30>50,4,8)+$E30*AI30 -> 0 | BZ30: =$G30*AF30*IF($H30>50,18,36)+$F30*AF30*IF($H30>50,4,8)+$E30*AF30 -> 0 | CA30: =$G30*AH30*IF($H30>50,18,36)+$F30*AH30*IF($H30>50,4,8)+$E30*AH30 -> 0 | CB30: =$G30*AG30*IF($H30>50,18,36)+$F30*AG30*IF($H30>50,4,8)+$E30*AG30 -> 0 | CC30: =$G30*AJ30*IF($H30>50,18,36)+$F30*AJ30*IF($H30>50,4,8)+$E30*AJ30 -> 0 | CD30: =$G30*AM30*IF($H30>50,18,36)+$F30*AM30*IF($H30>50,4,8)+$E30*AM30 -> 0 | CE30: =$G30*AL30*IF($H30>50,18,36)+$F30*AL30*IF($H30>50,4,8)+$E30*AL30 -> 0 | CF30: =$G30*AK30*IF($H30>50,18,36)+$F30*AK30*IF($H30>50,4,8)+$E30*AK30 -> 0 | CG30: =$G30*AN30*IF($H30>50,18,36)+$F30*AN30*IF($H30>50,4,8)+$E30*AN30 -> 0 | CH30: =$G30*AQ30*IF($H30>50,18,36)+$F30*AQ30*IF($H30>50,4,8)+$E30*AQ30 -> 0 | CI30: =$G30*AP30*IF($H30>50,18,36)+$F30*AP30*IF($H30>50,4,8)+$E30*AP30 -> 0 | CJ30: =$G30*AO30*IF($H30>50,18,36)+$F30*AO30*IF($H30>50,4,8)+$E30*AO30 -> 0 | CK30: =$G30*AR30*IF($H30>50,18,36)+$F30*AR30*IF($H30>50,4,8)+$E30*AR30 -> 0 | CL30: =$G30*AS30*IF($H30>50,18,36)+$F30*AS30*IF($H30>50,4,8)+$E30*AS30 -> 0 | CM30: =$G30*AT30*IF($H30>50,18,36)+$F30*AT30*IF($H30>50,4,8)+$E30*AT30 -> 0 | CN30: =$G30*AU30*IF($H30>50,18,36)+$F30*AU30*IF($H30>50,4,8)+$E30*AU30 -> 0 | CO30: =$G30*AV30*IF($H30>50,18,36)+$F30*AV30*IF($H30>50,4,8)+$E30*AV30 -> 0 | CP30: =$G30*AW30*IF($H30>50,18,36)+$F30*AW30*IF($H30>50,4,8)+$E30*AW30 -> 0 | CQ30: =$G30*AX30*IF($H30>50,18,36)+$F30*AX30*IF($H30>50,4,8)+$E30*AX30 -> 0 | CR30: =$G30*AY30*IF($H30>50,18,36)+$F30*AY30*IF($H30>50,4,8)+$E30*AY30 -> 0 | ... CV30: =$G30*BC30*IF($H30>50,18,36)+$F30*BC30*IF($H30>50,4,8)+$E30*BC30 -> 0 | CX30: =O30*BH$2/($H30/50)^2 -> 2 | CY30: =P30*BI$2/($H30/50)^2 -> 0 | CZ30: =Q30*BJ$2/($H30/50)^2 -> 2.5 | DA30: =R30*BK$2/($H30/50)^2 -> 0 | DB30: =S30*BL$2/($H30/50)^2 -> 0 | DC30: =T30*BM$2/($H30/50)^2 -> 0 | DD30: =U30*BN$2/($H30/50)^2 -> 0 | DE30: =V30*BO$2/($H30/50)^2 -> 0 | ... DJ30: =AA30*BT$2/($H30/50)^2 -> 0 | DK30: =AC30*BU$2/($H30/50)^2 -> 0 | DL30: =AB30*BV$2/($H30/50)^2 -> 0 | DM30: =AD30*BW$2/($H30/50)^2 -> 7.5 | DN30: =AE30*BX$2/($H30/50)^2 -> 0 | DO30: =AI30*BY$2/($H30/50)^2 -> 0 | DP30: =AF30*BZ$2/($H30/50)^2 -> 0 | DQ30: =AH30*CA$2/($H30/50)^2 -> 0 | DR30: =AG30*CB$2/($H30/50)^2 -> 0 | DS30: =AJ30*CC$2/($H30/50)^2 -> 0 | DT30: =AM30*CD$2/($H30/50)^2 -> 0 | DU30: =AL30*CE$2/($H30/50)^2 -> 0 | DV30: =AK30*CF$2/($H30/50)^2 -> 0 | DW30: =AN30*CG$2/($H30/50)^2 -> 0 | DX30: =AQ30*CH$2/($H30/50)^2 -> 0 | DY30: =AP30*CI$2/($H30/50)^2 -> 0 | DZ30: =AO30*CJ$2/($H30/50)^2 -> 0 | EA30: =AR30*CK$2/($H30/50)^2 -> 0 | EB30: =AS30*CL$2/($H30/50)^2 -> 0 | EC30: =AT30*CM$2/($H30/50)^2 -> 0 | ED30: =AU30*CN$2/($H30/50)^2 -> 0 | EE30: =AV30*CO$2/($H30/50)^2 -> 0 | EF30: =AW30*CP$2/($H30/50)^2 -> 0 | EG30: =AX30*CQ$2/($H30/50)^2 -> 0 | EH30: =AY30*CR$2/($H30/50)^2 -> 0 | ... EL30: =BC30*CV$2/($H30/50)^2 -> 0
A31: Corrupted Boon II | B31: =IF($C$2,SUMIF(I:I,A31,BG:BG),0) -> 0 | D31: =C31+B31 -> 0 | E31: =IF(ISBLANK(H31),0,IF($C$1,0,CEILING(D31-F31*H31*0.2-G31*H31,1))) -> 0 | F31: =IF(ISBLANK(H31),0,IF($C$1,0,FLOOR((D31-G31*H31)/(H31/5),1))) -> 0 | G31: =IF(ISBLANK(H31),0,IF($C$1,CEILING(D31/H31,1),FLOOR(D31/H31,1))) -> 0 | H31: 100 | I31: =$A$5 -> Compound Base | J31: =K31*D31 -> 0 | K31: =CEILING(SUM(CX31:EL31),1)+IF(ISBLANK(I31),0,VLOOKUP(I31,A:K,11,FALSE)) -> 97 | L31: 400 | M31: 2500 | N31: 4 | O31: 4 | S31: 1 | AD31: 2 | BE31: =IF(ISNUMBER(L31),$G31*L31*25+$F31*L31*10+$E31*L31,0) -> 0 | BF31: =IF(D31>0,M31,0) -> 0 | BG31: =$G31*N31*IF($H31>50,18,36)+$F31*N31*IF($H31>50,4,8)+$E31*N31 -> 0 | BH31: =$G31*O31*IF($H31>50,18,36)+$F31*O31*IF($H31>50,4,8)+$E31*O31 -> 0 | BI31: =$G31*P31*IF($H31>50,18,36)+$F31*P31*IF($H31>50,4,8)+$E31*P31 -> 0 | BJ31: =$G31*Q31*IF($H31>50,18,36)+$F31*Q31*IF($H31>50,4,8)+$E31*Q31 -> 0 | BK31: =$G31*R31*IF($H31>50,18,36)+$F31*R31*IF($H31>50,4,8)+$E31*R31 -> 0 | BL31: =$G31*S31*IF($H31>50,18,36)+$F31*S31*IF($H31>50,4,8)+$E31*S31 -> 0 | BM31: =$G31*T31*IF($H31>50,18,36)+$F31*T31*IF($H31>50,4,8)+$E31*T31 -> 0 | BN31: =$G31*U31*IF($H31>50,18,36)+$F31*U31*IF($H31>50,4,8)+$E31*U31 -> 0 | ... BT31: =$G31*AA31*IF($H31>50,18,36)+$F31*AA31*IF($H31>50,4,8)+$E31*AA31 -> 0 | BU31: =$G31*AC31*IF($H31>50,18,36)+$F31*AC31*IF($H31>50,4,8)+$E31*AC31 -> 0 | BV31: =$G31*AB31*IF($H31>50,18,36)+$F31*AB31*IF($H31>50,4,8)+$E31*AB31 -> 0 | BW31: =$G31*AD31*IF($H31>50,18,36)+$F31*AD31*IF($H31>50,4,8)+$E31*AD31 -> 0 | BX31: =$G31*AE31*IF($H31>50,18,36)+$F31*AE31*IF($H31>50,4,8)+$E31*AE31 -> 0 | BY31: =$G31*AI31*IF($H31>50,18,36)+$F31*AI31*IF($H31>50,4,8)+$E31*AI31 -> 0 | BZ31: =$G31*AF31*IF($H31>50,18,36)+$F31*AF31*IF($H31>50,4,8)+$E31*AF31 -> 0 | CA31: =$G31*AH31*IF($H31>50,18,36)+$F31*AH31*IF($H31>50,4,8)+$E31*AH31 -> 0 | CB31: =$G31*AG31*IF($H31>50,18,36)+$F31*AG31*IF($H31>50,4,8)+$E31*AG31 -> 0 | CC31: =$G31*AJ31*IF($H31>50,18,36)+$F31*AJ31*IF($H31>50,4,8)+$E31*AJ31 -> 0 | CD31: =$G31*AM31*IF($H31>50,18,36)+$F31*AM31*IF($H31>50,4,8)+$E31*AM31 -> 0 | CE31: =$G31*AL31*IF($H31>50,18,36)+$F31*AL31*IF($H31>50,4,8)+$E31*AL31 -> 0 | CF31: =$G31*AK31*IF($H31>50,18,36)+$F31*AK31*IF($H31>50,4,8)+$E31*AK31 -> 0 | CG31: =$G31*AN31*IF($H31>50,18,36)+$F31*AN31*IF($H31>50,4,8)+$E31*AN31 -> 0 | CH31: =$G31*AQ31*IF($H31>50,18,36)+$F31*AQ31*IF($H31>50,4,8)+$E31*AQ31 -> 0 | CI31: =$G31*AP31*IF($H31>50,18,36)+$F31*AP31*IF($H31>50,4,8)+$E31*AP31 -> 0 | CJ31: =$G31*AO31*IF($H31>50,18,36)+$F31*AO31*IF($H31>50,4,8)+$E31*AO31 -> 0 | CK31: =$G31*AR31*IF($H31>50,18,36)+$F31*AR31*IF($H31>50,4,8)+$E31*AR31 -> 0 | CL31: =$G31*AS31*IF($H31>50,18,36)+$F31*AS31*IF($H31>50,4,8)+$E31*AS31 -> 0 | CM31: =$G31*AT31*IF($H31>50,18,36)+$F31*AT31*IF($H31>50,4,8)+$E31*AT31 -> 0 | CN31: =$G31*AU31*IF($H31>50,18,36)+$F31*AU31*IF($H31>50,4,8)+$E31*AU31 -> 0 | CO31: =$G31*AV31*IF($H31>50,18,36)+$F31*AV31*IF($H31>50,4,8)+$E31*AV31 -> 0 | CP31: =$G31*AW31*IF($H31>50,18,36)+$F31*AW31*IF($H31>50,4,8)+$E31*AW31 -> 0 | CQ31: =$G31*AX31*IF($H31>50,18,36)+$F31*AX31*IF($H31>50,4,8)+$E31*AX31 -> 0 | CR31: =$G31*AY31*IF($H31>50,18,36)+$F31*AY31*IF($H31>50,4,8)+$E31*AY31 -> 0 | ... CV31: =$G31*BC31*IF($H31>50,18,36)+$F31*BC31*IF($H31>50,4,8)+$E31*BC31 -> 0 | CX31: =O31*BH$2/($H31/50)^2 -> 4 | CY31: =P31*BI$2/($H31/50)^2 -> 0 | CZ31: =Q31*BJ$2/($H31/50)^2 -> 0 | DA31: =R31*BK$2/($H31/50)^2 -> 0 | DB31: =S31*BL$2/($H31/50)^2 -> 12.5 | DC31: =T31*BM$2/($H31/50)^2 -> 0 | DD31: =U31*BN$2/($H31/50)^2 -> 0 | DE31: =V31*BO$2/($H31/50)^2 -> 0 | ... DJ31: =AA31*BT$2/($H31/50)^2 -> 0 | DK31: =AC31*BU$2/($H31/50)^2 -> 0 | DL31: =AB31*BV$2/($H31/50)^2 -> 0 | DM31: =AD31*BW$2/($H31/50)^2 -> 15 | DN31: =AE31*BX$2/($H31/50)^2 -> 0 | DO31: =AI31*BY$2/($H31/50)^2 -> 0 | DP31: =AF31*BZ$2/($H31/50)^2 -> 0 | DQ31: =AH31*CA$2/($H31/50)^2 -> 0 | DR31: =AG31*CB$2/($H31/50)^2 -> 0 | DS31: =AJ31*CC$2/($H31/50)^2 -> 0 | DT31: =AM31*CD$2/($H31/50)^2 -> 0 | DU31: =AL31*CE$2/($H31/50)^2 -> 0 | DV31: =AK31*CF$2/($H31/50)^2 -> 0 | DW31: =AN31*CG$2/($H31/50)^2 -> 0 | DX31: =AQ31*CH$2/($H31/50)^2 -> 0 | DY31: =AP31*CI$2/($H31/50)^2 -> 0 | DZ31: =AO31*CJ$2/($H31/50)^2 -> 0 | EA31: =AR31*CK$2/($H31/50)^2 -> 0 | EB31: =AS31*CL$2/($H31/50)^2 -> 0 | EC31: =AT31*CM$2/($H31/50)^2 -> 0 | ED31: =AU31*CN$2/($H31/50)^2 -> 0 | EE31: =AV31*CO$2/($H31/50)^2 -> 0 | EF31: =AW31*CP$2/($H31/50)^2 -> 0 | EG31: =AX31*CQ$2/($H31/50)^2 -> 0 | EH31: =AY31*CR$2/($H31/50)^2 -> 0 | ... EL31: =BC31*CV$2/($H31/50)^2 -> 0
A32: Defect Reduction I | B32: =IF($C$2,SUMIF(I:I,A32,BG:BG),0) -> 0 | D32: =C32+B32 -> 0 | E32: =IF(ISBLANK(H32),0,IF($C$1,0,CEILING(D32-F32*H32*0.2-G32*H32,1))) -> 0 | F32: =IF(ISBLANK(H32),0,IF($C$1,0,FLOOR((D32-G32*H32)/(H32/5),1))) -> 0 | G32: =IF(ISBLANK(H32),0,IF($C$1,CEILING(D32/H32,1),FLOOR(D32/H32,1))) -> 0 | H32: 100 | I32: =$A$5 -> Compound Base | J32: =K32*D32 -> 0 | K32: =CEILING(SUM(CX32:EL32),1)+IF(ISBLANK(I32),0,VLOOKUP(I32,A:K,11,FALSE)) -> 83 | L32: 100 | M32: 500 | N32: 2 | Q32: 1 | AQ32: 2 | BE32: =IF(ISNUMBER(L32),$G32*L32*25+$F32*L32*10+$E32*L32,0) -> 0 | BF32: =IF(D32>0,M32,0) -> 0 | BG32: =$G32*N32*IF($H32>50,18,36)+$F32*N32*IF($H32>50,4,8)+$E32*N32 -> 0 | BH32: =$G32*O32*IF($H32>50,18,36)+$F32*O32*IF($H32>50,4,8)+$E32*O32 -> 0 | BI32: =$G32*P32*IF($H32>50,18,36)+$F32*P32*IF($H32>50,4,8)+$E32*P32 -> 0 | BJ32: =$G32*Q32*IF($H32>50,18,36)+$F32*Q32*IF($H32>50,4,8)+$E32*Q32 -> 0 | BK32: =$G32*R32*IF($H32>50,18,36)+$F32*R32*IF($H32>50,4,8)+$E32*R32 -> 0 | BL32: =$G32*S32*IF($H32>50,18,36)+$F32*S32*IF($H32>50,4,8)+$E32*S32 -> 0 | BM32: =$G32*T32*IF($H32>50,18,36)+$F32*T32*IF($H32>50,4,8)+$E32*T32 -> 0 | BN32: =$G32*U32*IF($H32>50,18,36)+$F32*U32*IF($H32>50,4,8)+$E32*U32 -> 0 | ... BT32: =$G32*AA32*IF($H32>50,18,36)+$F32*AA32*IF($H32>50,4,8)+$E32*AA32 -> 0 | BU32: =$G32*AC32*IF($H32>50,18,36)+$F32*AC32*IF($H32>50,4,8)+$E32*AC32 -> 0 | BV32: =$G32*AB32*IF($H32>50,18,36)+$F32*AB32*IF($H32>50,4,8)+$E32*AB32 -> 0 | BW32: =$G32*AD32*IF($H32>50,18,36)+$F32*AD32*IF($H32>50,4,8)+$E32*AD32 -> 0 | BX32: =$G32*AE32*IF($H32>50,18,36)+$F32*AE32*IF($H32>50,4,8)+$E32*AE32 -> 0 | BY32: =$G32*AI32*IF($H32>50,18,36)+$F32*AI32*IF($H32>50,4,8)+$E32*AI32 -> 0 | BZ32: =$G32*AF32*IF($H32>50,18,36)+$F32*AF32*IF($H32>50,4,8)+$E32*AF32 -> 0 | CA32: =$G32*AH32*IF($H32>50,18,36)+$F32*AH32*IF($H32>50,4,8)+$E32*AH32 -> 0 | CB32: =$G32*AG32*IF($H32>50,18,36)+$F32*AG32*IF($H32>50,4,8)+$E32*AG32 -> 0 | CC32: =$G32*AJ32*IF($H32>50,18,36)+$F32*AJ32*IF($H32>50,4,8)+$E32*AJ32 -> 0 | CD32: =$G32*AM32*IF($H32>50,18,36)+$F32*AM32*IF($H32>50,4,8)+$E32*AM32 -> 0 | CE32: =$G32*AL32*IF($H32>50,18,36)+$F32*AL32*IF($H32>50,4,8)+$E32*AL32 -> 0 | CF32: =$G32*AK32*IF($H32>50,18,36)+$F32*AK32*IF($H32>50,4,8)+$E32*AK32 -> 0 | CG32: =$G32*AN32*IF($H32>50,18,36)+$F32*AN32*IF($H32>50,4,8)+$E32*AN32 -> 0 | CH32: =$G32*AQ32*IF($H32>50,18,36)+$F32*AQ32*IF($H32>50,4,8)+$E32*AQ32 -> 0 | CI32: =$G32*AP32*IF($H32>50,18,36)+$F32*AP32*IF($H32>50,4,8)+$E32*AP32 -> 0 | CJ32: =$G32*AO32*IF($H32>50,18,36)+$F32*AO32*IF($H32>50,4,8)+$E32*AO32 -> 0 | CK32: =$G32*AR32*IF($H32>50,18,36)+$F32*AR32*IF($H32>50,4,8)+$E32*AR32 -> 0 | CL32: =$G32*AS32*IF($H32>50,18,36)+$F32*AS32*IF($H32>50,4,8)+$E32*AS32 -> 0 | CM32: =$G32*AT32*IF($H32>50,18,36)+$F32*AT32*IF($H32>50,4,8)+$E32*AT32 -> 0 | CN32: =$G32*AU32*IF($H32>50,18,36)+$F32*AU32*IF($H32>50,4,8)+$E32*AU32 -> 0 | CO32: =$G32*AV32*IF($H32>50,18,36)+$F32*AV32*IF($H32>50,4,8)+$E32*AV32 -> 0 | CP32: =$G32*AW32*IF($H32>50,18,36)+$F32*AW32*IF($H32>50,4,8)+$E32*AW32 -> 0 | CQ32: =$G32*AX32*IF($H32>50,18,36)+$F32*AX32*IF($H32>50,4,8)+$E32*AX32 -> 0 | CR32: =$G32*AY32*IF($H32>50,18,36)+$F32*AY32*IF($H32>50,4,8)+$E32*AY32 -> 0 | ... CV32: =$G32*BC32*IF($H32>50,18,36)+$F32*BC32*IF($H32>50,4,8)+$E32*BC32 -> 0 | CX32: =O32*BH$2/($H32/50)^2 -> 0 | CY32: =P32*BI$2/($H32/50)^2 -> 0 | CZ32: =Q32*BJ$2/($H32/50)^2 -> 2.5 | DA32: =R32*BK$2/($H32/50)^2 -> 0 | DB32: =S32*BL$2/($H32/50)^2 -> 0 | DC32: =T32*BM$2/($H32/50)^2 -> 0 | DD32: =U32*BN$2/($H32/50)^2 -> 0 | DE32: =V32*BO$2/($H32/50)^2 -> 0 | ... DJ32: =AA32*BT$2/($H32/50)^2 -> 0 | DK32: =AC32*BU$2/($H32/50)^2 -> 0 | DL32: =AB32*BV$2/($H32/50)^2 -> 0 | DM32: =AD32*BW$2/($H32/50)^2 -> 0 | DN32: =AE32*BX$2/($H32/50)^2 -> 0 | DO32: =AI32*BY$2/($H32/50)^2 -> 0 | DP32: =AF32*BZ$2/($H32/50)^2 -> 0 | DQ32: =AH32*CA$2/($H32/50)^2 -> 0 | DR32: =AG32*CB$2/($H32/50)^2 -> 0 | DS32: =AJ32*CC$2/($H32/50)^2 -> 0 | DT32: =AM32*CD$2/($H32/50)^2 -> 0 | DU32: =AL32*CE$2/($H32/50)^2 -> 0 | DV32: =AK32*CF$2/($H32/50)^2 -> 0 | DW32: =AN32*CG$2/($H32/50)^2 -> 0 | DX32: =AQ32*CH$2/($H32/50)^2 -> 15 | DY32: =AP32*CI$2/($H32/50)^2 -> 0 | DZ32: =AO32*CJ$2/($H32/50)^2 -> 0 | EA32: =AR32*CK$2/($H32/50)^2 -> 0 | EB32: =AS32*CL$2/($H32/50)^2 -> 0 | EC32: =AT32*CM$2/($H32/50)^2 -> 0 | ED32: =AU32*CN$2/($H32/50)^2 -> 0 | EE32: =AV32*CO$2/($H32/50)^2 -> 0 | EF32: =AW32*CP$2/($H32/50)^2 -> 0 | EG32: =AX32*CQ$2/($H32/50)^2 -> 0 | EH32: =AY32*CR$2/($H32/50)^2 -> 0 | ... EL32: =BC32*CV$2/($H32/50)^2 -> 0
A33: Defect Reduction II | B33: =IF($C$2,SUMIF(I:I,A33,BG:BG),0) -> 0 | D33: =C33+B33 -> 0 | E33: =IF(ISBLANK(H33),0,IF($C$1,0,CEILING(D33-F33*H33*0.2-G33*H33,1))) -> 0 | F33: =IF(ISBLANK(H33),0,IF($C$1,0,FLOOR((D33-G33*H33)/(H33/5),1))) -> 0 | G33: =IF(ISBLANK(H33),0,IF($C$1,CEILING(D33/H33,1),FLOOR(D33/H33,1))) -> 0 | H33: 100 | I33: =$A$5 -> Compound Base | J33: =K33*D33 -> 0 | K33: =CEILING(SUM(CX33:EL33),1)+IF(ISBLANK(I33),0,VLOOKUP(I33,A:K,11,FALSE)) -> 108 | L33: 300 | M33: 1500 | N33: 4 | S33: 1 | AQ33: 4 | BE33: =IF(ISNUMBER(L33),$G33*L33*25+$F33*L33*10+$E33*L33,0) -> 0 | BF33: =IF(D33>0,M33,0) -> 0 | BG33: =$G33*N33*IF($H33>50,18,36)+$F33*N33*IF($H33>50,4,8)+$E33*N33 -> 0 | BH33: =$G33*O33*IF($H33>50,18,36)+$F33*O33*IF($H33>50,4,8)+$E33*O33 -> 0 | BI33: =$G33*P33*IF($H33>50,18,36)+$F33*P33*IF($H33>50,4,8)+$E33*P33 -> 0 | BJ33: =$G33*Q33*IF($H33>50,18,36)+$F33*Q33*IF($H33>50,4,8)+$E33*Q33 -> 0 | BK33: =$G33*R33*IF($H33>50,18,36)+$F33*R33*IF($H33>50,4,8)+$E33*R33 -> 0 | BL33: =$G33*S33*IF($H33>50,18,36)+$F33*S33*IF($H33>50,4,8)+$E33*S33 -> 0 | BM33: =$G33*T33*IF($H33>50,18,36)+$F33*T33*IF($H33>50,4,8)+$E33*T33 -> 0 | BN33: =$G33*U33*IF($H33>50,18,36)+$F33*U33*IF($H33>50,4,8)+$E33*U33 -> 0 | ... BT33: =$G33*AA33*IF($H33>50,18,36)+$F33*AA33*IF($H33>50,4,8)+$E33*AA33 -> 0 | BU33: =$G33*AC33*IF($H33>50,18,36)+$F33*AC33*IF($H33>50,4,8)+$E33*AC33 -> 0 | BV33: =$G33*AB33*IF($H33>50,18,36)+$F33*AB33*IF($H33>50,4,8)+$E33*AB33 -> 0 | BW33: =$G33*AD33*IF($H33>50,18,36)+$F33*AD33*IF($H33>50,4,8)+$E33*AD33 -> 0 | BX33: =$G33*AE33*IF($H33>50,18,36)+$F33*AE33*IF($H33>50,4,8)+$E33*AE33 -> 0 | BY33: =$G33*AI33*IF($H33>50,18,36)+$F33*AI33*IF($H33>50,4,8)+$E33*AI33 -> 0 | BZ33: =$G33*AF33*IF($H33>50,18,36)+$F33*AF33*IF($H33>50,4,8)+$E33*AF33 -> 0 | CA33: =$G33*AH33*IF($H33>50,18,36)+$F33*AH33*IF($H33>50,4,8)+$E33*AH33 -> 0 | CB33: =$G33*AG33*IF($H33>50,18,36)+$F33*AG33*IF($H33>50,4,8)+$E33*AG33 -> 0 | CC33: =$G33*AJ33*IF($H33>50,18,36)+$F33*AJ33*IF($H33>50,4,8)+$E33*AJ33 -> 0 | CD33: =$G33*AM33*IF($H33>50,18,36)+$F33*AM33*IF($H33>50,4,8)+$E33*AM33 -> 0 | CE33: =$G33*AL33*IF($H33>50,18,36)+$F33*AL33*IF($H33>50,4,8)+$E33*AL33 -> 0 | CF33: =$G33*AK33*IF($H33>50,18,36)+$F33*AK33*IF($H33>50,4,8)+$E33*AK33 -> 0 | CG33: =$G33*AN33*IF($H33>50,18,36)+$F33*AN33*IF($H33>50,4,8)+$E33*AN33 -> 0 | CH33: =$G33*AQ33*IF($H33>50,18,36)+$F33*AQ33*IF($H33>50,4,8)+$E33*AQ33 -> 0 | CI33: =$G33*AP33*IF($H33>50,18,36)+$F33*AP33*IF($H33>50,4,8)+$E33*AP33 -> 0 | CJ33: =$G33*AO33*IF($H33>50,18,36)+$F33*AO33*IF($H33>50,4,8)+$E33*AO33 -> 0 | CK33: =$G33*AR33*IF($H33>50,18,36)+$F33*AR33*IF($H33>50,4,8)+$E33*AR33 -> 0 | CL33: =$G33*AS33*IF($H33>50,18,36)+$F33*AS33*IF($H33>50,4,8)+$E33*AS33 -> 0 | CM33: =$G33*AT33*IF($H33>50,18,36)+$F33*AT33*IF($H33>50,4,8)+$E33*AT33 -> 0 | CN33: =$G33*AU33*IF($H33>50,18,36)+$F33*AU33*IF($H33>50,4,8)+$E33*AU33 -> 0 | CO33: =$G33*AV33*IF($H33>50,18,36)+$F33*AV33*IF($H33>50,4,8)+$E33*AV33 -> 0 | CP33: =$G33*AW33*IF($H33>50,18,36)+$F33*AW33*IF($H33>50,4,8)+$E33*AW33 -> 0 | CQ33: =$G33*AX33*IF($H33>50,18,36)+$F33*AX33*IF($H33>50,4,8)+$E33*AX33 -> 0 | CR33: =$G33*AY33*IF($H33>50,18,36)+$F33*AY33*IF($H33>50,4,8)+$E33*AY33 -> 0 | ... CV33: =$G33*BC33*IF($H33>50,18,36)+$F33*BC33*IF($H33>50,4,8)+$E33*BC33 -> 0 | CX33: =O33*BH$2/($H33/50)^2 -> 0 | CY33: =P33*BI$2/($H33/50)^2 -> 0 | CZ33: =Q33*BJ$2/($H33/50)^2 -> 0 | DA33: =R33*BK$2/($H33/50)^2 -> 0 | DB33: =S33*BL$2/($H33/50)^2 -> 12.5 | DC33: =T33*BM$2/($H33/50)^2 -> 0 | DD33: =U33*BN$2/($H33/50)^2 -> 0 | DE33: =V33*BO$2/($H33/50)^2 -> 0 | ... DJ33: =AA33*BT$2/($H33/50)^2 -> 0 | DK33: =AC33*BU$2/($H33/50)^2 -> 0 | DL33: =AB33*BV$2/($H33/50)^2 -> 0 | DM33: =AD33*BW$2/($H33/50)^2 -> 0 | DN33: =AE33*BX$2/($H33/50)^2 -> 0 | DO33: =AI33*BY$2/($H33/50)^2 -> 0 | DP33: =AF33*BZ$2/($H33/50)^2 -> 0 | DQ33: =AH33*CA$2/($H33/50)^2 -> 0 | DR33: =AG33*CB$2/($H33/50)^2 -> 0 | DS33: =AJ33*CC$2/($H33/50)^2 -> 0 | DT33: =AM33*CD$2/($H33/50)^2 -> 0 | DU33: =AL33*CE$2/($H33/50)^2 -> 0 | DV33: =AK33*CF$2/($H33/50)^2 -> 0 | DW33: =AN33*CG$2/($H33/50)^2 -> 0 | DX33: =AQ33*CH$2/($H33/50)^2 -> 30 | DY33: =AP33*CI$2/($H33/50)^2 -> 0 | DZ33: =AO33*CJ$2/($H33/50)^2 -> 0 | EA33: =AR33*CK$2/($H33/50)^2 -> 0 | EB33: =AS33*CL$2/($H33/50)^2 -> 0 | EC33: =AT33*CM$2/($H33/50)^2 -> 0 | ED33: =AU33*CN$2/($H33/50)^2 -> 0 | EE33: =AV33*CO$2/($H33/50)^2 -> 0 | EF33: =AW33*CP$2/($H33/50)^2 -> 0 | EG33: =AX33*CQ$2/($H33/50)^2 -> 0 | EH33: =AY33*CR$2/($H33/50)^2 -> 0 | ... EL33: =BC33*CV$2/($H33/50)^2 -> 0
A34: Unstable Defect Reduction I | B34: =IF($C$2,SUMIF(I:I,A34,BG:BG),0) -> 0 | D34: =C34+B34 -> 0 | E34: =IF(ISBLANK(H34),0,IF($C$1,0,CEILING(D34-F34*H34*0.2-G34*H34,1))) -> 0 | F34: =IF(ISBLANK(H34),0,IF($C$1,0,FLOOR((D34-G34*H34)/(H34/5),1))) -> 0 | G34: =IF(ISBLANK(H34),0,IF($C$1,CEILING(D34/H34,1),FLOOR(D34/H34,1))) -> 0 | H34: 100 | I34: =$A$5 -> Compound Base | J34: =K34*D34 -> 0 | K34: =CEILING(SUM(CX34:EL34),1)+IF(ISBLANK(I34),0,VLOOKUP(I34,A:K,11,FALSE)) -> 90 | L34: 100 | M34: 500 | N34: 2 | Q34: 1 | AI34: 1 | AQ34: 2 | BE34: =IF(ISNUMBER(L34),$G34*L34*25+$F34*L34*10+$E34*L34,0) -> 0 | BF34: =IF(D34>0,M34,0) -> 0 | BG34: =$G34*N34*IF($H34>50,18,36)+$F34*N34*IF($H34>50,4,8)+$E34*N34 -> 0 | BH34: =$G34*O34*IF($H34>50,18,36)+$F34*O34*IF($H34>50,4,8)+$E34*O34 -> 0 | BI34: =$G34*P34*IF($H34>50,18,36)+$F34*P34*IF($H34>50,4,8)+$E34*P34 -> 0 | BJ34: =$G34*Q34*IF($H34>50,18,36)+$F34*Q34*IF($H34>50,4,8)+$E34*Q34 -> 0 | BK34: =$G34*R34*IF($H34>50,18,36)+$F34*R34*IF($H34>50,4,8)+$E34*R34 -> 0 | BL34: =$G34*S34*IF($H34>50,18,36)+$F34*S34*IF($H34>50,4,8)+$E34*S34 -> 0 | BM34: =$G34*T34*IF($H34>50,18,36)+$F34*T34*IF($H34>50,4,8)+$E34*T34 -> 0 | BN34: =$G34*U34*IF($H34>50,18,36)+$F34*U34*IF($H34>50,4,8)+$E34*U34 -> 0 | ... BT34: =$G34*AA34*IF($H34>50,18,36)+$F34*AA34*IF($H34>50,4,8)+$E34*AA34 -> 0 | BU34: =$G34*AC34*IF($H34>50,18,36)+$F34*AC34*IF($H34>50,4,8)+$E34*AC34 -> 0 | BV34: =$G34*AB34*IF($H34>50,18,36)+$F34*AB34*IF($H34>50,4,8)+$E34*AB34 -> 0 | BW34: =$G34*AD34*IF($H34>50,18,36)+$F34*AD34*IF($H34>50,4,8)+$E34*AD34 -> 0 | BX34: =$G34*AE34*IF($H34>50,18,36)+$F34*AE34*IF($H34>50,4,8)+$E34*AE34 -> 0 | BY34: =$G34*AI34*IF($H34>50,18,36)+$F34*AI34*IF($H34>50,4,8)+$E34*AI34 -> 0 | BZ34: =$G34*AF34*IF($H34>50,18,36)+$F34*AF34*IF($H34>50,4,8)+$E34*AF34 -> 0 | CA34: =$G34*AH34*IF($H34>50,18,36)+$F34*AH34*IF($H34>50,4,8)+$E34*AH34 -> 0 | CB34: =$G34*AG34*IF($H34>50,18,36)+$F34*AG34*IF($H34>50,4,8)+$E34*AG34 -> 0 | CC34: =$G34*AJ34*IF($H34>50,18,36)+$F34*AJ34*IF($H34>50,4,8)+$E34*AJ34 -> 0 | CD34: =$G34*AM34*IF($H34>50,18,36)+$F34*AM34*IF($H34>50,4,8)+$E34*AM34 -> 0 | CE34: =$G34*AL34*IF($H34>50,18,36)+$F34*AL34*IF($H34>50,4,8)+$E34*AL34 -> 0 | CF34: =$G34*AK34*IF($H34>50,18,36)+$F34*AK34*IF($H34>50,4,8)+$E34*AK34 -> 0 | CG34: =$G34*AN34*IF($H34>50,18,36)+$F34*AN34*IF($H34>50,4,8)+$E34*AN34 -> 0 | CH34: =$G34*AQ34*IF($H34>50,18,36)+$F34*AQ34*IF($H34>50,4,8)+$E34*AQ34 -> 0 | CI34: =$G34*AP34*IF($H34>50,18,36)+$F34*AP34*IF($H34>50,4,8)+$E34*AP34 -> 0 | CJ34: =$G34*AO34*IF($H34>50,18,36)+$F34*AO34*IF($H34>50,4,8)+$E34*AO34 -> 0 | CK34: =$G34*AR34*IF($H34>50,18,36)+$F34*AR34*IF($H34>50,4,8)+$E34*AR34 -> 0 | CL34: =$G34*AS34*IF($H34>50,18,36)+$F34*AS34*IF($H34>50,4,8)+$E34*AS34 -> 0 | CM34: =$G34*AT34*IF($H34>50,18,36)+$F34*AT34*IF($H34>50,4,8)+$E34*AT34 -> 0 | CN34: =$G34*AU34*IF($H34>50,18,36)+$F34*AU34*IF($H34>50,4,8)+$E34*AU34 -> 0 | CO34: =$G34*AV34*IF($H34>50,18,36)+$F34*AV34*IF($H34>50,4,8)+$E34*AV34 -> 0 | CP34: =$G34*AW34*IF($H34>50,18,36)+$F34*AW34*IF($H34>50,4,8)+$E34*AW34 -> 0 | CQ34: =$G34*AX34*IF($H34>50,18,36)+$F34*AX34*IF($H34>50,4,8)+$E34*AX34 -> 0 | CR34: =$G34*AY34*IF($H34>50,18,36)+$F34*AY34*IF($H34>50,4,8)+$E34*AY34 -> 0 | ... CV34: =$G34*BC34*IF($H34>50,18,36)+$F34*BC34*IF($H34>50,4,8)+$E34*BC34 -> 0 | CX34: =O34*BH$2/($H34/50)^2 -> 0 | CY34: =P34*BI$2/($H34/50)^2 -> 0 | CZ34: =Q34*BJ$2/($H34/50)^2 -> 2.5 | DA34: =R34*BK$2/($H34/50)^2 -> 0 | DB34: =S34*BL$2/($H34/50)^2 -> 0 | DC34: =T34*BM$2/($H34/50)^2 -> 0 | DD34: =U34*BN$2/($H34/50)^2 -> 0 | DE34: =V34*BO$2/($H34/50)^2 -> 0 | ... DJ34: =AA34*BT$2/($H34/50)^2 -> 0 | DK34: =AC34*BU$2/($H34/50)^2 -> 0 | DL34: =AB34*BV$2/($H34/50)^2 -> 0 | DM34: =AD34*BW$2/($H34/50)^2 -> 0 | DN34: =AE34*BX$2/($H34/50)^2 -> 0 | DO34: =AI34*BY$2/($H34/50)^2 -> 7.5 | DP34: =AF34*BZ$2/($H34/50)^2 -> 0 | DQ34: =AH34*CA$2/($H34/50)^2 -> 0 | DR34: =AG34*CB$2/($H34/50)^2 -> 0 | DS34: =AJ34*CC$2/($H34/50)^2 -> 0 | DT34: =AM34*CD$2/($H34/50)^2 -> 0 | DU34: =AL34*CE$2/($H34/50)^2 -> 0 | DV34: =AK34*CF$2/($H34/50)^2 -> 0 | DW34: =AN34*CG$2/($H34/50)^2 -> 0 | DX34: =AQ34*CH$2/($H34/50)^2 -> 15 | DY34: =AP34*CI$2/($H34/50)^2 -> 0 | DZ34: =AO34*CJ$2/($H34/50)^2 -> 0 | EA34: =AR34*CK$2/($H34/50)^2 -> 0 | EB34: =AS34*CL$2/($H34/50)^2 -> 0 | EC34: =AT34*CM$2/($H34/50)^2 -> 0 | ED34: =AU34*CN$2/($H34/50)^2 -> 0 | EE34: =AV34*CO$2/($H34/50)^2 -> 0 | EF34: =AW34*CP$2/($H34/50)^2 -> 0 | EG34: =AX34*CQ$2/($H34/50)^2 -> 0 | EH34: =AY34*CR$2/($H34/50)^2 -> 0 | ... EL34: =BC34*CV$2/($H34/50)^2 -> 0
A35: Unstable Defect Reduction II | B35: =IF($C$2,SUMIF(I:I,A35,BG:BG),0) -> 0 | D35: =C35+B35 -> 0 | E35: =IF(ISBLANK(H35),0,IF($C$1,0,CEILING(D35-F35*H35*0.2-G35*H35,1))) -> 0 | F35: =IF(ISBLANK(H35),0,IF($C$1,0,FLOOR((D35-G35*H35)/(H35/5),1))) -> 0 | G35: =IF(ISBLANK(H35),0,IF($C$1,CEILING(D35/H35,1),FLOOR(D35/H35,1))) -> 0 | H35: 100 | I35: =$A$5 -> Compound Base | J35: =K35*D35 -> 0 | K35: =CEILING(SUM(CX35:EL35),1)+IF(ISBLANK(I35),0,VLOOKUP(I35,A:K,11,FALSE)) -> 115 | L35: 300 | M35: 1500 | N35: 4 | S35: 1 | AI35: 2 | AQ35: 3 | BE35: =IF(ISNUMBER(L35),$G35*L35*25+$F35*L35*10+$E35*L35,0) -> 0 | BF35: =IF(D35>0,M35,0) -> 0 | BG35: =$G35*N35*IF($H35>50,18,36)+$F35*N35*IF($H35>50,4,8)+$E35*N35 -> 0 | BH35: =$G35*O35*IF($H35>50,18,36)+$F35*O35*IF($H35>50,4,8)+$E35*O35 -> 0 | BI35: =$G35*P35*IF($H35>50,18,36)+$F35*P35*IF($H35>50,4,8)+$E35*P35 -> 0 | BJ35: =$G35*Q35*IF($H35>50,18,36)+$F35*Q35*IF($H35>50,4,8)+$E35*Q35 -> 0 | BK35: =$G35*R35*IF($H35>50,18,36)+$F35*R35*IF($H35>50,4,8)+$E35*R35 -> 0 | BL35: =$G35*S35*IF($H35>50,18,36)+$F35*S35*IF($H35>50,4,8)+$E35*S35 -> 0 | BM35: =$G35*T35*IF($H35>50,18,36)+$F35*T35*IF($H35>50,4,8)+$E35*T35 -> 0 | BN35: =$G35*U35*IF($H35>50,18,36)+$F35*U35*IF($H35>50,4,8)+$E35*U35 -> 0 | ... BT35: =$G35*AA35*IF($H35>50,18,36)+$F35*AA35*IF($H35>50,4,8)+$E35*AA35 -> 0 | BU35: =$G35*AC35*IF($H35>50,18,36)+$F35*AC35*IF($H35>50,4,8)+$E35*AC35 -> 0 | BV35: =$G35*AB35*IF($H35>50,18,36)+$F35*AB35*IF($H35>50,4,8)+$E35*AB35 -> 0 | BW35: =$G35*AD35*IF($H35>50,18,36)+$F35*AD35*IF($H35>50,4,8)+$E35*AD35 -> 0 | BX35: =$G35*AE35*IF($H35>50,18,36)+$F35*AE35*IF($H35>50,4,8)+$E35*AE35 -> 0 | BY35: =$G35*AI35*IF($H35>50,18,36)+$F35*AI35*IF($H35>50,4,8)+$E35*AI35 -> 0 | BZ35: =$G35*AF35*IF($H35>50,18,36)+$F35*AF35*IF($H35>50,4,8)+$E35*AF35 -> 0 | CA35: =$G35*AH35*IF($H35>50,18,36)+$F35*AH35*IF($H35>50,4,8)+$E35*AH35 -> 0 | CB35: =$G35*AG35*IF($H35>50,18,36)+$F35*AG35*IF($H35>50,4,8)+$E35*AG35 -> 0 | CC35: =$G35*AJ35*IF($H35>50,18,36)+$F35*AJ35*IF($H35>50,4,8)+$E35*AJ35 -> 0 | CD35: =$G35*AM35*IF($H35>50,18,36)+$F35*AM35*IF($H35>50,4,8)+$E35*AM35 -> 0 | CE35: =$G35*AL35*IF($H35>50,18,36)+$F35*AL35*IF($H35>50,4,8)+$E35*AL35 -> 0 | CF35: =$G35*AK35*IF($H35>50,18,36)+$F35*AK35*IF($H35>50,4,8)+$E35*AK35 -> 0 | CG35: =$G35*AN35*IF($H35>50,18,36)+$F35*AN35*IF($H35>50,4,8)+$E35*AN35 -> 0 | CH35: =$G35*AQ35*IF($H35>50,18,36)+$F35*AQ35*IF($H35>50,4,8)+$E35*AQ35 -> 0 | CI35: =$G35*AP35*IF($H35>50,18,36)+$F35*AP35*IF($H35>50,4,8)+$E35*AP35 -> 0 | CJ35: =$G35*AO35*IF($H35>50,18,36)+$F35*AO35*IF($H35>50,4,8)+$E35*AO35 -> 0 | CK35: =$G35*AR35*IF($H35>50,18,36)+$F35*AR35*IF($H35>50,4,8)+$E35*AR35 -> 0 | CL35: =$G35*AS35*IF($H35>50,18,36)+$F35*AS35*IF($H35>50,4,8)+$E35*AS35 -> 0 | CM35: =$G35*AT35*IF($H35>50,18,36)+$F35*AT35*IF($H35>50,4,8)+$E35*AT35 -> 0 | CN35: =$G35*AU35*IF($H35>50,18,36)+$F35*AU35*IF($H35>50,4,8)+$E35*AU35 -> 0 | CO35: =$G35*AV35*IF($H35>50,18,36)+$F35*AV35*IF($H35>50,4,8)+$E35*AV35 -> 0 | CP35: =$G35*AW35*IF($H35>50,18,36)+$F35*AW35*IF($H35>50,4,8)+$E35*AW35 -> 0 | CQ35: =$G35*AX35*IF($H35>50,18,36)+$F35*AX35*IF($H35>50,4,8)+$E35*AX35 -> 0 | CR35: =$G35*AY35*IF($H35>50,18,36)+$F35*AY35*IF($H35>50,4,8)+$E35*AY35 -> 0 | ... CV35: =$G35*BC35*IF($H35>50,18,36)+$F35*BC35*IF($H35>50,4,8)+$E35*BC35 -> 0 | CX35: =O35*BH$2/($H35/50)^2 -> 0 | CY35: =P35*BI$2/($H35/50)^2 -> 0 | CZ35: =Q35*BJ$2/($H35/50)^2 -> 0 | DA35: =R35*BK$2/($H35/50)^2 -> 0 | DB35: =S35*BL$2/($H35/50)^2 -> 12.5 | DC35: =T35*BM$2/($H35/50)^2 -> 0 | DD35: =U35*BN$2/($H35/50)^2 -> 0 | DE35: =V35*BO$2/($H35/50)^2 -> 0 | ... DJ35: =AA35*BT$2/($H35/50)^2 -> 0 | DK35: =AC35*BU$2/($H35/50)^2 -> 0 | DL35: =AB35*BV$2/($H35/50)^2 -> 0 | DM35: =AD35*BW$2/($H35/50)^2 -> 0 | DN35: =AE35*BX$2/($H35/50)^2 -> 0 | DO35: =AI35*BY$2/($H35/50)^2 -> 15 | DP35: =AF35*BZ$2/($H35/50)^2 -> 0 | DQ35: =AH35*CA$2/($H35/50)^2 -> 0 | DR35: =AG35*CB$2/($H35/50)^2 -> 0 | DS35: =AJ35*CC$2/($H35/50)^2 -> 0 | DT35: =AM35*CD$2/($H35/50)^2 -> 0 | DU35: =AL35*CE$2/($H35/50)^2 -> 0 | DV35: =AK35*CF$2/($H35/50)^2 -> 0 | DW35: =AN35*CG$2/($H35/50)^2 -> 0 | DX35: =AQ35*CH$2/($H35/50)^2 -> 22.5 | DY35: =AP35*CI$2/($H35/50)^2 -> 0 | DZ35: =AO35*CJ$2/($H35/50)^2 -> 0 | EA35: =AR35*CK$2/($H35/50)^2 -> 0 | EB35: =AS35*CL$2/($H35/50)^2 -> 0 | EC35: =AT35*CM$2/($H35/50)^2 -> 0 | ED35: =AU35*CN$2/($H35/50)^2 -> 0 | EE35: =AV35*CO$2/($H35/50)^2 -> 0 | EF35: =AW35*CP$2/($H35/50)^2 -> 0 | EG35: =AX35*CQ$2/($H35/50)^2 -> 0 | EH35: =AY35*CR$2/($H35/50)^2 -> 0 | ... EL35: =BC35*CV$2/($H35/50)^2 -> 0
A36: Quirk Reduction I | B36: =IF($C$2,SUMIF(I:I,A36,BG:BG),0) -> 0 | D36: =C36+B36 -> 0 | E36: =IF(ISBLANK(H36),0,IF($C$1,0,CEILING(D36-F36*H36*0.2-G36*H36,1))) -> 0 | F36: =IF(ISBLANK(H36),0,IF($C$1,0,FLOOR((D36-G36*H36)/(H36/5),1))) -> 0 | G36: =IF(ISBLANK(H36),0,IF($C$1,CEILING(D36/H36,1),FLOOR(D36/H36,1))) -> 0 | H36: 100 | I36: =$A$5 -> Compound Base | J36: =K36*D36 -> 0 | K36: =CEILING(SUM(CX36:EL36),1)+IF(ISBLANK(I36),0,VLOOKUP(I36,A:K,11,FALSE)) -> 92 | L36: 100 | M36: 500 | N36: 2 | Q36: 1 | AE36: 1 | AQ36: 2 | BE36: =IF(ISNUMBER(L36),$G36*L36*25+$F36*L36*10+$E36*L36,0) -> 0 | BF36: =IF(D36>0,M36,0) -> 0 | BG36: =$G36*N36*IF($H36>50,18,36)+$F36*N36*IF($H36>50,4,8)+$E36*N36 -> 0 | BH36: =$G36*O36*IF($H36>50,18,36)+$F36*O36*IF($H36>50,4,8)+$E36*O36 -> 0 | BI36: =$G36*P36*IF($H36>50,18,36)+$F36*P36*IF($H36>50,4,8)+$E36*P36 -> 0 | BJ36: =$G36*Q36*IF($H36>50,18,36)+$F36*Q36*IF($H36>50,4,8)+$E36*Q36 -> 0 | BK36: =$G36*R36*IF($H36>50,18,36)+$F36*R36*IF($H36>50,4,8)+$E36*R36 -> 0 | BL36: =$G36*S36*IF($H36>50,18,36)+$F36*S36*IF($H36>50,4,8)+$E36*S36 -> 0 | BM36: =$G36*T36*IF($H36>50,18,36)+$F36*T36*IF($H36>50,4,8)+$E36*T36 -> 0 | BN36: =$G36*U36*IF($H36>50,18,36)+$F36*U36*IF($H36>50,4,8)+$E36*U36 -> 0 | ... BT36: =$G36*AA36*IF($H36>50,18,36)+$F36*AA36*IF($H36>50,4,8)+$E36*AA36 -> 0 | BU36: =$G36*AC36*IF($H36>50,18,36)+$F36*AC36*IF($H36>50,4,8)+$E36*AC36 -> 0 | BV36: =$G36*AB36*IF($H36>50,18,36)+$F36*AB36*IF($H36>50,4,8)+$E36*AB36 -> 0 | BW36: =$G36*AD36*IF($H36>50,18,36)+$F36*AD36*IF($H36>50,4,8)+$E36*AD36 -> 0 | BX36: =$G36*AE36*IF($H36>50,18,36)+$F36*AE36*IF($H36>50,4,8)+$E36*AE36 -> 0 | BY36: =$G36*AI36*IF($H36>50,18,36)+$F36*AI36*IF($H36>50,4,8)+$E36*AI36 -> 0 | BZ36: =$G36*AF36*IF($H36>50,18,36)+$F36*AF36*IF($H36>50,4,8)+$E36*AF36 -> 0 | CA36: =$G36*AH36*IF($H36>50,18,36)+$F36*AH36*IF($H36>50,4,8)+$E36*AH36 -> 0 | CB36: =$G36*AG36*IF($H36>50,18,36)+$F36*AG36*IF($H36>50,4,8)+$E36*AG36 -> 0 | CC36: =$G36*AJ36*IF($H36>50,18,36)+$F36*AJ36*IF($H36>50,4,8)+$E36*AJ36 -> 0 | CD36: =$G36*AM36*IF($H36>50,18,36)+$F36*AM36*IF($H36>50,4,8)+$E36*AM36 -> 0 | CE36: =$G36*AL36*IF($H36>50,18,36)+$F36*AL36*IF($H36>50,4,8)+$E36*AL36 -> 0 | CF36: =$G36*AK36*IF($H36>50,18,36)+$F36*AK36*IF($H36>50,4,8)+$E36*AK36 -> 0 | CG36: =$G36*AN36*IF($H36>50,18,36)+$F36*AN36*IF($H36>50,4,8)+$E36*AN36 -> 0 | CH36: =$G36*AQ36*IF($H36>50,18,36)+$F36*AQ36*IF($H36>50,4,8)+$E36*AQ36 -> 0 | CI36: =$G36*AP36*IF($H36>50,18,36)+$F36*AP36*IF($H36>50,4,8)+$E36*AP36 -> 0 | CJ36: =$G36*AO36*IF($H36>50,18,36)+$F36*AO36*IF($H36>50,4,8)+$E36*AO36 -> 0 | CK36: =$G36*AR36*IF($H36>50,18,36)+$F36*AR36*IF($H36>50,4,8)+$E36*AR36 -> 0 | CL36: =$G36*AS36*IF($H36>50,18,36)+$F36*AS36*IF($H36>50,4,8)+$E36*AS36 -> 0 | CM36: =$G36*AT36*IF($H36>50,18,36)+$F36*AT36*IF($H36>50,4,8)+$E36*AT36 -> 0 | CN36: =$G36*AU36*IF($H36>50,18,36)+$F36*AU36*IF($H36>50,4,8)+$E36*AU36 -> 0 | CO36: =$G36*AV36*IF($H36>50,18,36)+$F36*AV36*IF($H36>50,4,8)+$E36*AV36 -> 0 | CP36: =$G36*AW36*IF($H36>50,18,36)+$F36*AW36*IF($H36>50,4,8)+$E36*AW36 -> 0 | CQ36: =$G36*AX36*IF($H36>50,18,36)+$F36*AX36*IF($H36>50,4,8)+$E36*AX36 -> 0 | CR36: =$G36*AY36*IF($H36>50,18,36)+$F36*AY36*IF($H36>50,4,8)+$E36*AY36 -> 0 | ... CV36: =$G36*BC36*IF($H36>50,18,36)+$F36*BC36*IF($H36>50,4,8)+$E36*BC36 -> 0 | CX36: =O36*BH$2/($H36/50)^2 -> 0 | CY36: =P36*BI$2/($H36/50)^2 -> 0 | CZ36: =Q36*BJ$2/($H36/50)^2 -> 2.5 | DA36: =R36*BK$2/($H36/50)^2 -> 0 | DB36: =S36*BL$2/($H36/50)^2 -> 0 | DC36: =T36*BM$2/($H36/50)^2 -> 0 | DD36: =U36*BN$2/($H36/50)^2 -> 0 | DE36: =V36*BO$2/($H36/50)^2 -> 0 | ... DJ36: =AA36*BT$2/($H36/50)^2 -> 0 | DK36: =AC36*BU$2/($H36/50)^2 -> 0 | DL36: =AB36*BV$2/($H36/50)^2 -> 0 | DM36: =AD36*BW$2/($H36/50)^2 -> 0 | DN36: =AE36*BX$2/($H36/50)^2 -> 8.75 | DO36: =AI36*BY$2/($H36/50)^2 -> 0 | DP36: =AF36*BZ$2/($H36/50)^2 -> 0 | DQ36: =AH36*CA$2/($H36/50)^2 -> 0 | DR36: =AG36*CB$2/($H36/50)^2 -> 0 | DS36: =AJ36*CC$2/($H36/50)^2 -> 0 | DT36: =AM36*CD$2/($H36/50)^2 -> 0 | DU36: =AL36*CE$2/($H36/50)^2 -> 0 | DV36: =AK36*CF$2/($H36/50)^2 -> 0 | DW36: =AN36*CG$2/($H36/50)^2 -> 0 | DX36: =AQ36*CH$2/($H36/50)^2 -> 15 | DY36: =AP36*CI$2/($H36/50)^2 -> 0 | DZ36: =AO36*CJ$2/($H36/50)^2 -> 0 | EA36: =AR36*CK$2/($H36/50)^2 -> 0 | EB36: =AS36*CL$2/($H36/50)^2 -> 0 | EC36: =AT36*CM$2/($H36/50)^2 -> 0 | ED36: =AU36*CN$2/($H36/50)^2 -> 0 | EE36: =AV36*CO$2/($H36/50)^2 -> 0 | EF36: =AW36*CP$2/($H36/50)^2 -> 0 | EG36: =AX36*CQ$2/($H36/50)^2 -> 0 | EH36: =AY36*CR$2/($H36/50)^2 -> 0 | ... EL36: =BC36*CV$2/($H36/50)^2 -> 0
A37: Quirk Reduction II | B37: =IF($C$2,SUMIF(I:I,A37,BG:BG),0) -> 0 | D37: =C37+B37 -> 0 | E37: =IF(ISBLANK(H37),0,IF($C$1,0,CEILING(D37-F37*H37*0.2-G37*H37,1))) -> 0 | F37: =IF(ISBLANK(H37),0,IF($C$1,0,FLOOR((D37-G37*H37)/(H37/5),1))) -> 0 | G37: =IF(ISBLANK(H37),0,IF($C$1,CEILING(D37/H37,1),FLOOR(D37/H37,1))) -> 0 | H37: 100 | I37: =$A$5 -> Compound Base | J37: =K37*D37 -> 0 | K37: =CEILING(SUM(CX37:EL37),1)+IF(ISBLANK(I37),0,VLOOKUP(I37,A:K,11,FALSE)) -> 125 | L37: 300 | M37: 1500 | N37: 4 | S37: 1 | AE37: 2 | AQ37: 4 | BE37: =IF(ISNUMBER(L37),$G37*L37*25+$F37*L37*10+$E37*L37,0) -> 0 | BF37: =IF(D37>0,M37,0) -> 0 | BG37: =$G37*N37*IF($H37>50,18,36)+$F37*N37*IF($H37>50,4,8)+$E37*N37 -> 0 | BH37: =$G37*O37*IF($H37>50,18,36)+$F37*O37*IF($H37>50,4,8)+$E37*O37 -> 0 | BI37: =$G37*P37*IF($H37>50,18,36)+$F37*P37*IF($H37>50,4,8)+$E37*P37 -> 0 | BJ37: =$G37*Q37*IF($H37>50,18,36)+$F37*Q37*IF($H37>50,4,8)+$E37*Q37 -> 0 | BK37: =$G37*R37*IF($H37>50,18,36)+$F37*R37*IF($H37>50,4,8)+$E37*R37 -> 0 | BL37: =$G37*S37*IF($H37>50,18,36)+$F37*S37*IF($H37>50,4,8)+$E37*S37 -> 0 | BM37: =$G37*T37*IF($H37>50,18,36)+$F37*T37*IF($H37>50,4,8)+$E37*T37 -> 0 | BN37: =$G37*U37*IF($H37>50,18,36)+$F37*U37*IF($H37>50,4,8)+$E37*U37 -> 0 | ... BT37: =$G37*AA37*IF($H37>50,18,36)+$F37*AA37*IF($H37>50,4,8)+$E37*AA37 -> 0 | BU37: =$G37*AC37*IF($H37>50,18,36)+$F37*AC37*IF($H37>50,4,8)+$E37*AC37 -> 0 | BV37: =$G37*AB37*IF($H37>50,18,36)+$F37*AB37*IF($H37>50,4,8)+$E37*AB37 -> 0 | BW37: =$G37*AD37*IF($H37>50,18,36)+$F37*AD37*IF($H37>50,4,8)+$E37*AD37 -> 0 | BX37: =$G37*AE37*IF($H37>50,18,36)+$F37*AE37*IF($H37>50,4,8)+$E37*AE37 -> 0 | BY37: =$G37*AI37*IF($H37>50,18,36)+$F37*AI37*IF($H37>50,4,8)+$E37*AI37 -> 0 | BZ37: =$G37*AF37*IF($H37>50,18,36)+$F37*AF37*IF($H37>50,4,8)+$E37*AF37 -> 0 | CA37: =$G37*AH37*IF($H37>50,18,36)+$F37*AH37*IF($H37>50,4,8)+$E37*AH37 -> 0 | CB37: =$G37*AG37*IF($H37>50,18,36)+$F37*AG37*IF($H37>50,4,8)+$E37*AG37 -> 0 | CC37: =$G37*AJ37*IF($H37>50,18,36)+$F37*AJ37*IF($H37>50,4,8)+$E37*AJ37 -> 0 | CD37: =$G37*AM37*IF($H37>50,18,36)+$F37*AM37*IF($H37>50,4,8)+$E37*AM37 -> 0 | CE37: =$G37*AL37*IF($H37>50,18,36)+$F37*AL37*IF($H37>50,4,8)+$E37*AL37 -> 0 | CF37: =$G37*AK37*IF($H37>50,18,36)+$F37*AK37*IF($H37>50,4,8)+$E37*AK37 -> 0 | CG37: =$G37*AN37*IF($H37>50,18,36)+$F37*AN37*IF($H37>50,4,8)+$E37*AN37 -> 0 | CH37: =$G37*AQ37*IF($H37>50,18,36)+$F37*AQ37*IF($H37>50,4,8)+$E37*AQ37 -> 0 | CI37: =$G37*AP37*IF($H37>50,18,36)+$F37*AP37*IF($H37>50,4,8)+$E37*AP37 -> 0 | CJ37: =$G37*AO37*IF($H37>50,18,36)+$F37*AO37*IF($H37>50,4,8)+$E37*AO37 -> 0 | CK37: =$G37*AR37*IF($H37>50,18,36)+$F37*AR37*IF($H37>50,4,8)+$E37*AR37 -> 0 | CL37: =$G37*AS37*IF($H37>50,18,36)+$F37*AS37*IF($H37>50,4,8)+$E37*AS37 -> 0 | CM37: =$G37*AT37*IF($H37>50,18,36)+$F37*AT37*IF($H37>50,4,8)+$E37*AT37 -> 0 | CN37: =$G37*AU37*IF($H37>50,18,36)+$F37*AU37*IF($H37>50,4,8)+$E37*AU37 -> 0 | CO37: =$G37*AV37*IF($H37>50,18,36)+$F37*AV37*IF($H37>50,4,8)+$E37*AV37 -> 0 | CP37: =$G37*AW37*IF($H37>50,18,36)+$F37*AW37*IF($H37>50,4,8)+$E37*AW37 -> 0 | CQ37: =$G37*AX37*IF($H37>50,18,36)+$F37*AX37*IF($H37>50,4,8)+$E37*AX37 -> 0 | CR37: =$G37*AY37*IF($H37>50,18,36)+$F37*AY37*IF($H37>50,4,8)+$E37*AY37 -> 0 | ... CV37: =$G37*BC37*IF($H37>50,18,36)+$F37*BC37*IF($H37>50,4,8)+$E37*BC37 -> 0 | CX37: =O37*BH$2/($H37/50)^2 -> 0 | CY37: =P37*BI$2/($H37/50)^2 -> 0 | CZ37: =Q37*BJ$2/($H37/50)^2 -> 0 | DA37: =R37*BK$2/($H37/50)^2 -> 0 | DB37: =S37*BL$2/($H37/50)^2 -> 12.5 | DC37: =T37*BM$2/($H37/50)^2 -> 0 | DD37: =U37*BN$2/($H37/50)^2 -> 0 | DE37: =V37*BO$2/($H37/50)^2 -> 0 | ... DJ37: =AA37*BT$2/($H37/50)^2 -> 0 | DK37: =AC37*BU$2/($H37/50)^2 -> 0 | DL37: =AB37*BV$2/($H37/50)^2 -> 0 | DM37: =AD37*BW$2/($H37/50)^2 -> 0 | DN37: =AE37*BX$2/($H37/50)^2 -> 17.5 | DO37: =AI37*BY$2/($H37/50)^2 -> 0 | DP37: =AF37*BZ$2/($H37/50)^2 -> 0 | DQ37: =AH37*CA$2/($H37/50)^2 -> 0 | DR37: =AG37*CB$2/($H37/50)^2 -> 0 | DS37: =AJ37*CC$2/($H37/50)^2 -> 0 | DT37: =AM37*CD$2/($H37/50)^2 -> 0 | DU37: =AL37*CE$2/($H37/50)^2 -> 0 | DV37: =AK37*CF$2/($H37/50)^2 -> 0 | DW37: =AN37*CG$2/($H37/50)^2 -> 0 | DX37: =AQ37*CH$2/($H37/50)^2 -> 30 | DY37: =AP37*CI$2/($H37/50)^2 -> 0 | DZ37: =AO37*CJ$2/($H37/50)^2 -> 0 | EA37: =AR37*CK$2/($H37/50)^2 -> 0 | EB37: =AS37*CL$2/($H37/50)^2 -> 0 | EC37: =AT37*CM$2/($H37/50)^2 -> 0 | ED37: =AU37*CN$2/($H37/50)^2 -> 0 | EE37: =AV37*CO$2/($H37/50)^2 -> 0 | EF37: =AW37*CP$2/($H37/50)^2 -> 0 | EG37: =AX37*CQ$2/($H37/50)^2 -> 0 | EH37: =AY37*CR$2/($H37/50)^2 -> 0 | ... EL37: =BC37*CV$2/($H37/50)^2 -> 0
A38: Imperfect Quirk Reduction I | B38: =IF($C$2,SUMIF(I:I,A38,BG:BG),0) -> 0 | D38: =C38+B38 -> 0 | E38: =IF(ISBLANK(H38),0,IF($C$1,0,CEILING(D38-F38*H38*0.2-G38*H38,1))) -> 0 | F38: =IF(ISBLANK(H38),0,IF($C$1,0,FLOOR((D38-G38*H38)/(H38/5),1))) -> 0 | G38: =IF(ISBLANK(H38),0,IF($C$1,CEILING(D38/H38,1),FLOOR(D38/H38,1))) -> 0 | H38: 100 | I38: =$A$5 -> Compound Base | J38: =K38*D38 -> 0 | K38: =CEILING(SUM(CX38:EL38),1)+IF(ISBLANK(I38),0,VLOOKUP(I38,A:K,11,FALSE)) -> 90 | L38: 100 | M38: 500 | N38: 2 | Q38: 1 | AB38: 1 | AQ38: 2 | BE38: =IF(ISNUMBER(L38),$G38*L38*25+$F38*L38*10+$E38*L38,0) -> 0 | BF38: =IF(D38>0,M38,0) -> 0 | BG38: =$G38*N38*IF($H38>50,18,36)+$F38*N38*IF($H38>50,4,8)+$E38*N38 -> 0 | BH38: =$G38*O38*IF($H38>50,18,36)+$F38*O38*IF($H38>50,4,8)+$E38*O38 -> 0 | BI38: =$G38*P38*IF($H38>50,18,36)+$F38*P38*IF($H38>50,4,8)+$E38*P38 -> 0 | BJ38: =$G38*Q38*IF($H38>50,18,36)+$F38*Q38*IF($H38>50,4,8)+$E38*Q38 -> 0 | BK38: =$G38*R38*IF($H38>50,18,36)+$F38*R38*IF($H38>50,4,8)+$E38*R38 -> 0 | BL38: =$G38*S38*IF($H38>50,18,36)+$F38*S38*IF($H38>50,4,8)+$E38*S38 -> 0 | BM38: =$G38*T38*IF($H38>50,18,36)+$F38*T38*IF($H38>50,4,8)+$E38*T38 -> 0 | BN38: =$G38*U38*IF($H38>50,18,36)+$F38*U38*IF($H38>50,4,8)+$E38*U38 -> 0 | ... BT38: =$G38*AA38*IF($H38>50,18,36)+$F38*AA38*IF($H38>50,4,8)+$E38*AA38 -> 0 | BU38: =$G38*AC38*IF($H38>50,18,36)+$F38*AC38*IF($H38>50,4,8)+$E38*AC38 -> 0 | BV38: =$G38*AB38*IF($H38>50,18,36)+$F38*AB38*IF($H38>50,4,8)+$E38*AB38 -> 0 | BW38: =$G38*AD38*IF($H38>50,18,36)+$F38*AD38*IF($H38>50,4,8)+$E38*AD38 -> 0 | BX38: =$G38*AE38*IF($H38>50,18,36)+$F38*AE38*IF($H38>50,4,8)+$E38*AE38 -> 0 | BY38: =$G38*AI38*IF($H38>50,18,36)+$F38*AI38*IF($H38>50,4,8)+$E38*AI38 -> 0 | BZ38: =$G38*AF38*IF($H38>50,18,36)+$F38*AF38*IF($H38>50,4,8)+$E38*AF38 -> 0 | CA38: =$G38*AH38*IF($H38>50,18,36)+$F38*AH38*IF($H38>50,4,8)+$E38*AH38 -> 0 | CB38: =$G38*AG38*IF($H38>50,18,36)+$F38*AG38*IF($H38>50,4,8)+$E38*AG38 -> 0 | CC38: =$G38*AJ38*IF($H38>50,18,36)+$F38*AJ38*IF($H38>50,4,8)+$E38*AJ38 -> 0 | CD38: =$G38*AM38*IF($H38>50,18,36)+$F38*AM38*IF($H38>50,4,8)+$E38*AM38 -> 0 | CE38: =$G38*AL38*IF($H38>50,18,36)+$F38*AL38*IF($H38>50,4,8)+$E38*AL38 -> 0 | CF38: =$G38*AK38*IF($H38>50,18,36)+$F38*AK38*IF($H38>50,4,8)+$E38*AK38 -> 0 | CG38: =$G38*AN38*IF($H38>50,18,36)+$F38*AN38*IF($H38>50,4,8)+$E38*AN38 -> 0 | CH38: =$G38*AQ38*IF($H38>50,18,36)+$F38*AQ38*IF($H38>50,4,8)+$E38*AQ38 -> 0 | CI38: =$G38*AP38*IF($H38>50,18,36)+$F38*AP38*IF($H38>50,4,8)+$E38*AP38 -> 0 | CJ38: =$G38*AO38*IF($H38>50,18,36)+$F38*AO38*IF($H38>50,4,8)+$E38*AO38 -> 0 | CK38: =$G38*AR38*IF($H38>50,18,36)+$F38*AR38*IF($H38>50,4,8)+$E38*AR38 -> 0 | CL38: =$G38*AS38*IF($H38>50,18,36)+$F38*AS38*IF($H38>50,4,8)+$E38*AS38 -> 0 | CM38: =$G38*AT38*IF($H38>50,18,36)+$F38*AT38*IF($H38>50,4,8)+$E38*AT38 -> 0 | CN38: =$G38*AU38*IF($H38>50,18,36)+$F38*AU38*IF($H38>50,4,8)+$E38*AU38 -> 0 | CO38: =$G38*AV38*IF($H38>50,18,36)+$F38*AV38*IF($H38>50,4,8)+$E38*AV38 -> 0 | CP38: =$G38*AW38*IF($H38>50,18,36)+$F38*AW38*IF($H38>50,4,8)+$E38*AW38 -> 0 | CQ38: =$G38*AX38*IF($H38>50,18,36)+$F38*AX38*IF($H38>50,4,8)+$E38*AX38 -> 0 | CR38: =$G38*AY38*IF($H38>50,18,36)+$F38*AY38*IF($H38>50,4,8)+$E38*AY38 -> 0 | ... CV38: =$G38*BC38*IF($H38>50,18,36)+$F38*BC38*IF($H38>50,4,8)+$E38*BC38 -> 0 | CX38: =O38*BH$2/($H38/50)^2 -> 0 | CY38: =P38*BI$2/($H38/50)^2 -> 0 | CZ38: =Q38*BJ$2/($H38/50)^2 -> 2.5 | DA38: =R38*BK$2/($H38/50)^2 -> 0 | DB38: =S38*BL$2/($H38/50)^2 -> 0 | DC38: =T38*BM$2/($H38/50)^2 -> 0 | DD38: =U38*BN$2/($H38/50)^2 -> 0 | DE38: =V38*BO$2/($H38/50)^2 -> 0 | ... DJ38: =AA38*BT$2/($H38/50)^2 -> 0 | DK38: =AC38*BU$2/($H38/50)^2 -> 0 | DL38: =AB38*BV$2/($H38/50)^2 -> 7.5 | DM38: =AD38*BW$2/($H38/50)^2 -> 0 | DN38: =AE38*BX$2/($H38/50)^2 -> 0 | DO38: =AI38*BY$2/($H38/50)^2 -> 0 | DP38: =AF38*BZ$2/($H38/50)^2 -> 0 | DQ38: =AH38*CA$2/($H38/50)^2 -> 0 | DR38: =AG38*CB$2/($H38/50)^2 -> 0 | DS38: =AJ38*CC$2/($H38/50)^2 -> 0 | DT38: =AM38*CD$2/($H38/50)^2 -> 0 | DU38: =AL38*CE$2/($H38/50)^2 -> 0 | DV38: =AK38*CF$2/($H38/50)^2 -> 0 | DW38: =AN38*CG$2/($H38/50)^2 -> 0 | DX38: =AQ38*CH$2/($H38/50)^2 -> 15 | DY38: =AP38*CI$2/($H38/50)^2 -> 0 | DZ38: =AO38*CJ$2/($H38/50)^2 -> 0 | EA38: =AR38*CK$2/($H38/50)^2 -> 0 | EB38: =AS38*CL$2/($H38/50)^2 -> 0 | EC38: =AT38*CM$2/($H38/50)^2 -> 0 | ED38: =AU38*CN$2/($H38/50)^2 -> 0 | EE38: =AV38*CO$2/($H38/50)^2 -> 0 | EF38: =AW38*CP$2/($H38/50)^2 -> 0 | EG38: =AX38*CQ$2/($H38/50)^2 -> 0 | EH38: =AY38*CR$2/($H38/50)^2 -> 0 | ... EL38: =BC38*CV$2/($H38/50)^2 -> 0
A39: Imperfect Quirk Reduction II | B39: =IF($C$2,SUMIF(I:I,A39,BG:BG),0) -> 0 | D39: =C39+B39 -> 0 | E39: =IF(ISBLANK(H39),0,IF($C$1,0,CEILING(D39-F39*H39*0.2-G39*H39,1))) -> 0 | F39: =IF(ISBLANK(H39),0,IF($C$1,0,FLOOR((D39-G39*H39)/(H39/5),1))) -> 0 | G39: =IF(ISBLANK(H39),0,IF($C$1,CEILING(D39/H39,1),FLOOR(D39/H39,1))) -> 0 | H39: 100 | I39: =$A$5 -> Compound Base | J39: =K39*D39 -> 0 | K39: =CEILING(SUM(CX39:EL39),1)+IF(ISBLANK(I39),0,VLOOKUP(I39,A:K,11,FALSE)) -> 123 | L39: 300 | M39: 1500 | N39: 4 | S39: 1 | AB39: 2 | AQ39: 4 | BE39: =IF(ISNUMBER(L39),$G39*L39*25+$F39*L39*10+$E39*L39,0) -> 0 | BF39: =IF(D39>0,M39,0) -> 0 | BG39: =$G39*N39*IF($H39>50,18,36)+$F39*N39*IF($H39>50,4,8)+$E39*N39 -> 0 | BH39: =$G39*O39*IF($H39>50,18,36)+$F39*O39*IF($H39>50,4,8)+$E39*O39 -> 0 | BI39: =$G39*P39*IF($H39>50,18,36)+$F39*P39*IF($H39>50,4,8)+$E39*P39 -> 0 | BJ39: =$G39*Q39*IF($H39>50,18,36)+$F39*Q39*IF($H39>50,4,8)+$E39*Q39 -> 0 | BK39: =$G39*R39*IF($H39>50,18,36)+$F39*R39*IF($H39>50,4,8)+$E39*R39 -> 0 | BL39: =$G39*S39*IF($H39>50,18,36)+$F39*S39*IF($H39>50,4,8)+$E39*S39 -> 0 | BM39: =$G39*T39*IF($H39>50,18,36)+$F39*T39*IF($H39>50,4,8)+$E39*T39 -> 0 | BN39: =$G39*U39*IF($H39>50,18,36)+$F39*U39*IF($H39>50,4,8)+$E39*U39 -> 0 | ... BT39: =$G39*AA39*IF($H39>50,18,36)+$F39*AA39*IF($H39>50,4,8)+$E39*AA39 -> 0 | BU39: =$G39*AC39*IF($H39>50,18,36)+$F39*AC39*IF($H39>50,4,8)+$E39*AC39 -> 0 | BV39: =$G39*AB39*IF($H39>50,18,36)+$F39*AB39*IF($H39>50,4,8)+$E39*AB39 -> 0 | BW39: =$G39*AD39*IF($H39>50,18,36)+$F39*AD39*IF($H39>50,4,8)+$E39*AD39 -> 0 | BX39: =$G39*AE39*IF($H39>50,18,36)+$F39*AE39*IF($H39>50,4,8)+$E39*AE39 -> 0 | BY39: =$G39*AI39*IF($H39>50,18,36)+$F39*AI39*IF($H39>50,4,8)+$E39*AI39 -> 0 | BZ39: =$G39*AF39*IF($H39>50,18,36)+$F39*AF39*IF($H39>50,4,8)+$E39*AF39 -> 0 | CA39: =$G39*AH39*IF($H39>50,18,36)+$F39*AH39*IF($H39>50,4,8)+$E39*AH39 -> 0 | CB39: =$G39*AG39*IF($H39>50,18,36)+$F39*AG39*IF($H39>50,4,8)+$E39*AG39 -> 0 | CC39: =$G39*AJ39*IF($H39>50,18,36)+$F39*AJ39*IF($H39>50,4,8)+$E39*AJ39 -> 0 | CD39: =$G39*AM39*IF($H39>50,18,36)+$F39*AM39*IF($H39>50,4,8)+$E39*AM39 -> 0 | CE39: =$G39*AL39*IF($H39>50,18,36)+$F39*AL39*IF($H39>50,4,8)+$E39*AL39 -> 0 | CF39: =$G39*AK39*IF($H39>50,18,36)+$F39*AK39*IF($H39>50,4,8)+$E39*AK39 -> 0 | CG39: =$G39*AN39*IF($H39>50,18,36)+$F39*AN39*IF($H39>50,4,8)+$E39*AN39 -> 0 | CH39: =$G39*AQ39*IF($H39>50,18,36)+$F39*AQ39*IF($H39>50,4,8)+$E39*AQ39 -> 0 | CI39: =$G39*AP39*IF($H39>50,18,36)+$F39*AP39*IF($H39>50,4,8)+$E39*AP39 -> 0 | CJ39: =$G39*AO39*IF($H39>50,18,36)+$F39*AO39*IF($H39>50,4,8)+$E39*AO39 -> 0 | CK39: =$G39*AR39*IF($H39>50,18,36)+$F39*AR39*IF($H39>50,4,8)+$E39*AR39 -> 0 | CL39: =$G39*AS39*IF($H39>50,18,36)+$F39*AS39*IF($H39>50,4,8)+$E39*AS39 -> 0 | CM39: =$G39*AT39*IF($H39>50,18,36)+$F39*AT39*IF($H39>50,4,8)+$E39*AT39 -> 0 | CN39: =$G39*AU39*IF($H39>50,18,36)+$F39*AU39*IF($H39>50,4,8)+$E39*AU39 -> 0 | CO39: =$G39*AV39*IF($H39>50,18,36)+$F39*AV39*IF($H39>50,4,8)+$E39*AV39 -> 0 | CP39: =$G39*AW39*IF($H39>50,18,36)+$F39*AW39*IF($H39>50,4,8)+$E39*AW39 -> 0 | CQ39: =$G39*AX39*IF($H39>50,18,36)+$F39*AX39*IF($H39>50,4,8)+$E39*AX39 -> 0 | CR39: =$G39*AY39*IF($H39>50,18,36)+$F39*AY39*IF($H39>50,4,8)+$E39*AY39 -> 0 | ... CV39: =$G39*BC39*IF($H39>50,18,36)+$F39*BC39*IF($H39>50,4,8)+$E39*BC39 -> 0 | CX39: =O39*BH$2/($H39/50)^2 -> 0 | CY39: =P39*BI$2/($H39/50)^2 -> 0 | CZ39: =Q39*BJ$2/($H39/50)^2 -> 0 | DA39: =R39*BK$2/($H39/50)^2 -> 0 | DB39: =S39*BL$2/($H39/50)^2 -> 12.5 | DC39: =T39*BM$2/($H39/50)^2 -> 0 | DD39: =U39*BN$2/($H39/50)^2 -> 0 | DE39: =V39*BO$2/($H39/50)^2 -> 0 | ... DJ39: =AA39*BT$2/($H39/50)^2 -> 0 | DK39: =AC39*BU$2/($H39/50)^2 -> 0 | DL39: =AB39*BV$2/($H39/50)^2 -> 15 | DM39: =AD39*BW$2/($H39/50)^2 -> 0 | DN39: =AE39*BX$2/($H39/50)^2 -> 0 | DO39: =AI39*BY$2/($H39/50)^2 -> 0 | DP39: =AF39*BZ$2/($H39/50)^2 -> 0 | DQ39: =AH39*CA$2/($H39/50)^2 -> 0 | DR39: =AG39*CB$2/($H39/50)^2 -> 0 | DS39: =AJ39*CC$2/($H39/50)^2 -> 0 | DT39: =AM39*CD$2/($H39/50)^2 -> 0 | DU39: =AL39*CE$2/($H39/50)^2 -> 0 | DV39: =AK39*CF$2/($H39/50)^2 -> 0 | DW39: =AN39*CG$2/($H39/50)^2 -> 0 | DX39: =AQ39*CH$2/($H39/50)^2 -> 30 | DY39: =AP39*CI$2/($H39/50)^2 -> 0 | DZ39: =AO39*CJ$2/($H39/50)^2 -> 0 | EA39: =AR39*CK$2/($H39/50)^2 -> 0 | EB39: =AS39*CL$2/($H39/50)^2 -> 0 | EC39: =AT39*CM$2/($H39/50)^2 -> 0 | ED39: =AU39*CN$2/($H39/50)^2 -> 0 | EE39: =AV39*CO$2/($H39/50)^2 -> 0 | EF39: =AW39*CP$2/($H39/50)^2 -> 0 | EG39: =AX39*CQ$2/($H39/50)^2 -> 0 | EH39: =AY39*CR$2/($H39/50)^2 -> 0 | ... EL39: =BC39*CV$2/($H39/50)^2 -> 0
A40: Protection Paste I | B40: =IF($C$2,SUMIF(I:I,A40,BG:BG),0) -> 0 | D40: =C40+B40 -> 0 | E40: =IF(ISBLANK(H40),0,IF($C$1,0,CEILING(D40-F40*H40*0.2-G40*H40,1))) -> 0 | F40: =IF(ISBLANK(H40),0,IF($C$1,0,FLOOR((D40-G40*H40)/(H40/5),1))) -> 0 | G40: =IF(ISBLANK(H40),0,IF($C$1,CEILING(D40/H40,1),FLOOR(D40/H40,1))) -> 0 | H40: 100 | I40: =$A$6 -> Paste Base | J40: =K40*D40 -> 0 | K40: =CEILING(SUM(CX40:EL40),1)+IF(ISBLANK(I40),0,VLOOKUP(I40,A:K,11,FALSE)) -> 167 | L40: 200 | M40: 600 | N40: 2 | Q40: 1 | X40: 1 | BE40: =IF(ISNUMBER(L40),$G40*L40*25+$F40*L40*10+$E40*L40,0) -> 0 | BF40: =IF(D40>0,M40,0) -> 0 | BG40: =$G40*N40*IF($H40>50,18,36)+$F40*N40*IF($H40>50,4,8)+$E40*N40 -> 0 | BH40: =$G40*O40*IF($H40>50,18,36)+$F40*O40*IF($H40>50,4,8)+$E40*O40 -> 0 | BI40: =$G40*P40*IF($H40>50,18,36)+$F40*P40*IF($H40>50,4,8)+$E40*P40 -> 0 | BJ40: =$G40*Q40*IF($H40>50,18,36)+$F40*Q40*IF($H40>50,4,8)+$E40*Q40 -> 0 | BK40: =$G40*R40*IF($H40>50,18,36)+$F40*R40*IF($H40>50,4,8)+$E40*R40 -> 0 | BL40: =$G40*S40*IF($H40>50,18,36)+$F40*S40*IF($H40>50,4,8)+$E40*S40 -> 0 | BM40: =$G40*T40*IF($H40>50,18,36)+$F40*T40*IF($H40>50,4,8)+$E40*T40 -> 0 | BN40: =$G40*U40*IF($H40>50,18,36)+$F40*U40*IF($H40>50,4,8)+$E40*U40 -> 0 | ... BT40: =$G40*AA40*IF($H40>50,18,36)+$F40*AA40*IF($H40>50,4,8)+$E40*AA40 -> 0 | BU40: =$G40*AC40*IF($H40>50,18,36)+$F40*AC40*IF($H40>50,4,8)+$E40*AC40 -> 0 | BV40: =$G40*AB40*IF($H40>50,18,36)+$F40*AB40*IF($H40>50,4,8)+$E40*AB40 -> 0 | BW40: =$G40*AD40*IF($H40>50,18,36)+$F40*AD40*IF($H40>50,4,8)+$E40*AD40 -> 0 | BX40: =$G40*AE40*IF($H40>50,18,36)+$F40*AE40*IF($H40>50,4,8)+$E40*AE40 -> 0 | BY40: =$G40*AI40*IF($H40>50,18,36)+$F40*AI40*IF($H40>50,4,8)+$E40*AI40 -> 0 | BZ40: =$G40*AF40*IF($H40>50,18,36)+$F40*AF40*IF($H40>50,4,8)+$E40*AF40 -> 0 | CA40: =$G40*AH40*IF($H40>50,18,36)+$F40*AH40*IF($H40>50,4,8)+$E40*AH40 -> 0 | CB40: =$G40*AG40*IF($H40>50,18,36)+$F40*AG40*IF($H40>50,4,8)+$E40*AG40 -> 0 | CC40: =$G40*AJ40*IF($H40>50,18,36)+$F40*AJ40*IF($H40>50,4,8)+$E40*AJ40 -> 0 | CD40: =$G40*AM40*IF($H40>50,18,36)+$F40*AM40*IF($H40>50,4,8)+$E40*AM40 -> 0 | CE40: =$G40*AL40*IF($H40>50,18,36)+$F40*AL40*IF($H40>50,4,8)+$E40*AL40 -> 0 | CF40: =$G40*AK40*IF($H40>50,18,36)+$F40*AK40*IF($H40>50,4,8)+$E40*AK40 -> 0 | CG40: =$G40*AN40*IF($H40>50,18,36)+$F40*AN40*IF($H40>50,4,8)+$E40*AN40 -> 0 | CH40: =$G40*AQ40*IF($H40>50,18,36)+$F40*AQ40*IF($H40>50,4,8)+$E40*AQ40 -> 0 | CI40: =$G40*AP40*IF($H40>50,18,36)+$F40*AP40*IF($H40>50,4,8)+$E40*AP40 -> 0 | CJ40: =$G40*AO40*IF($H40>50,18,36)+$F40*AO40*IF($H40>50,4,8)+$E40*AO40 -> 0 | CK40: =$G40*AR40*IF($H40>50,18,36)+$F40*AR40*IF($H40>50,4,8)+$E40*AR40 -> 0 | CL40: =$G40*AS40*IF($H40>50,18,36)+$F40*AS40*IF($H40>50,4,8)+$E40*AS40 -> 0 | CM40: =$G40*AT40*IF($H40>50,18,36)+$F40*AT40*IF($H40>50,4,8)+$E40*AT40 -> 0 | CN40: =$G40*AU40*IF($H40>50,18,36)+$F40*AU40*IF($H40>50,4,8)+$E40*AU40 -> 0 | CO40: =$G40*AV40*IF($H40>50,18,36)+$F40*AV40*IF($H40>50,4,8)+$E40*AV40 -> 0 | CP40: =$G40*AW40*IF($H40>50,18,36)+$F40*AW40*IF($H40>50,4,8)+$E40*AW40 -> 0 | CQ40: =$G40*AX40*IF($H40>50,18,36)+$F40*AX40*IF($H40>50,4,8)+$E40*AX40 -> 0 | CR40: =$G40*AY40*IF($H40>50,18,36)+$F40*AY40*IF($H40>50,4,8)+$E40*AY40 -> 0 | ... CV40: =$G40*BC40*IF($H40>50,18,36)+$F40*BC40*IF($H40>50,4,8)+$E40*BC40 -> 0 | CX40: =O40*BH$2/($H40/50)^2 -> 0 | CY40: =P40*BI$2/($H40/50)^2 -> 0 | CZ40: =Q40*BJ$2/($H40/50)^2 -> 2.5 | DA40: =R40*BK$2/($H40/50)^2 -> 0 | DB40: =S40*BL$2/($H40/50)^2 -> 0 | DC40: =T40*BM$2/($H40/50)^2 -> 0 | DD40: =U40*BN$2/($H40/50)^2 -> 0 | DE40: =V40*BO$2/($H40/50)^2 -> 0 | ... DJ40: =AA40*BT$2/($H40/50)^2 -> 0 | DK40: =AC40*BU$2/($H40/50)^2 -> 0 | DL40: =AB40*BV$2/($H40/50)^2 -> 0 | DM40: =AD40*BW$2/($H40/50)^2 -> 0 | DN40: =AE40*BX$2/($H40/50)^2 -> 0 | DO40: =AI40*BY$2/($H40/50)^2 -> 0 | DP40: =AF40*BZ$2/($H40/50)^2 -> 0 | DQ40: =AH40*CA$2/($H40/50)^2 -> 0 | DR40: =AG40*CB$2/($H40/50)^2 -> 0 | DS40: =AJ40*CC$2/($H40/50)^2 -> 0 | DT40: =AM40*CD$2/($H40/50)^2 -> 0 | DU40: =AL40*CE$2/($H40/50)^2 -> 0 | DV40: =AK40*CF$2/($H40/50)^2 -> 0 | DW40: =AN40*CG$2/($H40/50)^2 -> 0 | DX40: =AQ40*CH$2/($H40/50)^2 -> 0 | DY40: =AP40*CI$2/($H40/50)^2 -> 0 | DZ40: =AO40*CJ$2/($H40/50)^2 -> 0 | EA40: =AR40*CK$2/($H40/50)^2 -> 0 | EB40: =AS40*CL$2/($H40/50)^2 -> 0 | EC40: =AT40*CM$2/($H40/50)^2 -> 0 | ED40: =AU40*CN$2/($H40/50)^2 -> 0 | EE40: =AV40*CO$2/($H40/50)^2 -> 0 | EF40: =AW40*CP$2/($H40/50)^2 -> 0 | EG40: =AX40*CQ$2/($H40/50)^2 -> 0 | EH40: =AY40*CR$2/($H40/50)^2 -> 0 | ... EL40: =BC40*CV$2/($H40/50)^2 -> 0
A41: Protection Paste II | B41: =IF($C$2,SUMIF(I:I,A41,BG:BG),0) -> 0 | C41: 5 | D41: =C41+B41 -> 5 | E41: =IF(ISBLANK(H41),0,IF($C$1,0,CEILING(D41-F41*H41*0.2-G41*H41,1))) -> 5 | F41: =IF(ISBLANK(H41),0,IF($C$1,0,FLOOR((D41-G41*H41)/(H41/5),1))) -> 0 | G41: =IF(ISBLANK(H41),0,IF($C$1,CEILING(D41/H41,1),FLOOR(D41/H41,1))) -> 0 | H41: 100 | I41: =$A$6 -> Paste Base | J41: =K41*D41 -> 890 | K41: =CEILING(SUM(CX41:EL41),1)+IF(ISBLANK(I41),0,VLOOKUP(I41,A:K,11,FALSE)) -> 178 | L41: 300 | M41: 1800 | N41: 4 | S41: 1 | X41: 2 | BE41: =IF(ISNUMBER(L41),$G41*L41*25+$F41*L41*10+$E41*L41,0) -> 1500 | BF41: =IF(D41>0,M41,0) -> 1800 | BG41: =$G41*N41*IF($H41>50,18,36)+$F41*N41*IF($H41>50,4,8)+$E41*N41 -> 20 | BH41: =$G41*O41*IF($H41>50,18,36)+$F41*O41*IF($H41>50,4,8)+$E41*O41 -> 0 | BI41: =$G41*P41*IF($H41>50,18,36)+$F41*P41*IF($H41>50,4,8)+$E41*P41 -> 0 | BJ41: =$G41*Q41*IF($H41>50,18,36)+$F41*Q41*IF($H41>50,4,8)+$E41*Q41 -> 0 | BK41: =$G41*R41*IF($H41>50,18,36)+$F41*R41*IF($H41>50,4,8)+$E41*R41 -> 0 | BL41: =$G41*S41*IF($H41>50,18,36)+$F41*S41*IF($H41>50,4,8)+$E41*S41 -> 5 | BM41: =$G41*T41*IF($H41>50,18,36)+$F41*T41*IF($H41>50,4,8)+$E41*T41 -> 0 | BN41: =$G41*U41*IF($H41>50,18,36)+$F41*U41*IF($H41>50,4,8)+$E41*U41 -> 0 | ... BT41: =$G41*AA41*IF($H41>50,18,36)+$F41*AA41*IF($H41>50,4,8)+$E41*AA41 -> 0 | BU41: =$G41*AC41*IF($H41>50,18,36)+$F41*AC41*IF($H41>50,4,8)+$E41*AC41 -> 0 | BV41: =$G41*AB41*IF($H41>50,18,36)+$F41*AB41*IF($H41>50,4,8)+$E41*AB41 -> 0 | BW41: =$G41*AD41*IF($H41>50,18,36)+$F41*AD41*IF($H41>50,4,8)+$E41*AD41 -> 0 | BX41: =$G41*AE41*IF($H41>50,18,36)+$F41*AE41*IF($H41>50,4,8)+$E41*AE41 -> 0 | BY41: =$G41*AI41*IF($H41>50,18,36)+$F41*AI41*IF($H41>50,4,8)+$E41*AI41 -> 0 | BZ41: =$G41*AF41*IF($H41>50,18,36)+$F41*AF41*IF($H41>50,4,8)+$E41*AF41 -> 0 | CA41: =$G41*AH41*IF($H41>50,18,36)+$F41*AH41*IF($H41>50,4,8)+$E41*AH41 -> 0 | CB41: =$G41*AG41*IF($H41>50,18,36)+$F41*AG41*IF($H41>50,4,8)+$E41*AG41 -> 0 | CC41: =$G41*AJ41*IF($H41>50,18,36)+$F41*AJ41*IF($H41>50,4,8)+$E41*AJ41 -> 0 | CD41: =$G41*AM41*IF($H41>50,18,36)+$F41*AM41*IF($H41>50,4,8)+$E41*AM41 -> 0 | CE41: =$G41*AL41*IF($H41>50,18,36)+$F41*AL41*IF($H41>50,4,8)+$E41*AL41 -> 0 | CF41: =$G41*AK41*IF($H41>50,18,36)+$F41*AK41*IF($H41>50,4,8)+$E41*AK41 -> 0 | CG41: =$G41*AN41*IF($H41>50,18,36)+$F41*AN41*IF($H41>50,4,8)+$E41*AN41 -> 0 | CH41: =$G41*AQ41*IF($H41>50,18,36)+$F41*AQ41*IF($H41>50,4,8)+$E41*AQ41 -> 0 | CI41: =$G41*AP41*IF($H41>50,18,36)+$F41*AP41*IF($H41>50,4,8)+$E41*AP41 -> 0 | CJ41: =$G41*AO41*IF($H41>50,18,36)+$F41*AO41*IF($H41>50,4,8)+$E41*AO41 -> 0 | CK41: =$G41*AR41*IF($H41>50,18,36)+$F41*AR41*IF($H41>50,4,8)+$E41*AR41 -> 0 | CL41: =$G41*AS41*IF($H41>50,18,36)+$F41*AS41*IF($H41>50,4,8)+$E41*AS41 -> 0 | CM41: =$G41*AT41*IF($H41>50,18,36)+$F41*AT41*IF($H41>50,4,8)+$E41*AT41 -> 0 | CN41: =$G41*AU41*IF($H41>50,18,36)+$F41*AU41*IF($H41>50,4,8)+$E41*AU41 -> 0 | CO41: =$G41*AV41*IF($H41>50,18,36)+$F41*AV41*IF($H41>50,4,8)+$E41*AV41 -> 0 | CP41: =$G41*AW41*IF($H41>50,18,36)+$F41*AW41*IF($H41>50,4,8)+$E41*AW41 -> 0 | CQ41: =$G41*AX41*IF($H41>50,18,36)+$F41*AX41*IF($H41>50,4,8)+$E41*AX41 -> 0 | CR41: =$G41*AY41*IF($H41>50,18,36)+$F41*AY41*IF($H41>50,4,8)+$E41*AY41 -> 0 | ... CV41: =$G41*BC41*IF($H41>50,18,36)+$F41*BC41*IF($H41>50,4,8)+$E41*BC41 -> 0 | CX41: =O41*BH$2/($H41/50)^2 -> 0 | CY41: =P41*BI$2/($H41/50)^2 -> 0 | CZ41: =Q41*BJ$2/($H41/50)^2 -> 0 | DA41: =R41*BK$2/($H41/50)^2 -> 0 | DB41: =S41*BL$2/($H41/50)^2 -> 12.5 | DC41: =T41*BM$2/($H41/50)^2 -> 0 | DD41: =U41*BN$2/($H41/50)^2 -> 0 | DE41: =V41*BO$2/($H41/50)^2 -> 0 | ... DJ41: =AA41*BT$2/($H41/50)^2 -> 0 | DK41: =AC41*BU$2/($H41/50)^2 -> 0 | DL41: =AB41*BV$2/($H41/50)^2 -> 0 | DM41: =AD41*BW$2/($H41/50)^2 -> 0 | DN41: =AE41*BX$2/($H41/50)^2 -> 0 | DO41: =AI41*BY$2/($H41/50)^2 -> 0 | DP41: =AF41*BZ$2/($H41/50)^2 -> 0 | DQ41: =AH41*CA$2/($H41/50)^2 -> 0 | DR41: =AG41*CB$2/($H41/50)^2 -> 0 | DS41: =AJ41*CC$2/($H41/50)^2 -> 0 | DT41: =AM41*CD$2/($H41/50)^2 -> 0 | DU41: =AL41*CE$2/($H41/50)^2 -> 0 | DV41: =AK41*CF$2/($H41/50)^2 -> 0 | DW41: =AN41*CG$2/($H41/50)^2 -> 0 | DX41: =AQ41*CH$2/($H41/50)^2 -> 0 | DY41: =AP41*CI$2/($H41/50)^2 -> 0 | DZ41: =AO41*CJ$2/($H41/50)^2 -> 0 | EA41: =AR41*CK$2/($H41/50)^2 -> 0 | EB41: =AS41*CL$2/($H41/50)^2 -> 0 | EC41: =AT41*CM$2/($H41/50)^2 -> 0 | ED41: =AU41*CN$2/($H41/50)^2 -> 0 | EE41: =AV41*CO$2/($H41/50)^2 -> 0 | EF41: =AW41*CP$2/($H41/50)^2 -> 0 | EG41: =AX41*CQ$2/($H41/50)^2 -> 0 | EH41: =AY41*CR$2/($H41/50)^2 -> 0 | ... EL41: =BC41*CV$2/($H41/50)^2 -> 0
A42: Boon Paste I | B42: =IF($C$2,SUMIF(I:I,A42,BG:BG),0) -> 0 | D42: =C42+B42 -> 0 | E42: =IF(ISBLANK(H42),0,IF($C$1,0,CEILING(D42-F42*H42*0.2-G42*H42,1))) -> 0 | F42: =IF(ISBLANK(H42),0,IF($C$1,0,FLOOR((D42-G42*H42)/(H42/5),1))) -> 0 | G42: =IF(ISBLANK(H42),0,IF($C$1,CEILING(D42/H42,1),FLOOR(D42/H42,1))) -> 0 | H42: 100 | I42: =$A$6 -> Paste Base | J42: =K42*D42 -> 0 | K42: =CEILING(SUM(CX42:EL42),1)+IF(ISBLANK(I42),0,VLOOKUP(I42,A:K,11,FALSE)) -> 197 | L42: 200 | M42: 600 | N42: 2 | Q42: 1 | AP42: 2 | BE42: =IF(ISNUMBER(L42),$G42*L42*25+$F42*L42*10+$E42*L42,0) -> 0 | BF42: =IF(D42>0,M42,0) -> 0 | BG42: =$G42*N42*IF($H42>50,18,36)+$F42*N42*IF($H42>50,4,8)+$E42*N42 -> 0 | BH42: =$G42*O42*IF($H42>50,18,36)+$F42*O42*IF($H42>50,4,8)+$E42*O42 -> 0 | BI42: =$G42*P42*IF($H42>50,18,36)+$F42*P42*IF($H42>50,4,8)+$E42*P42 -> 0 | BJ42: =$G42*Q42*IF($H42>50,18,36)+$F42*Q42*IF($H42>50,4,8)+$E42*Q42 -> 0 | BK42: =$G42*R42*IF($H42>50,18,36)+$F42*R42*IF($H42>50,4,8)+$E42*R42 -> 0 | BL42: =$G42*S42*IF($H42>50,18,36)+$F42*S42*IF($H42>50,4,8)+$E42*S42 -> 0 | BM42: =$G42*T42*IF($H42>50,18,36)+$F42*T42*IF($H42>50,4,8)+$E42*T42 -> 0 | BN42: =$G42*U42*IF($H42>50,18,36)+$F42*U42*IF($H42>50,4,8)+$E42*U42 -> 0 | ... BT42: =$G42*AA42*IF($H42>50,18,36)+$F42*AA42*IF($H42>50,4,8)+$E42*AA42 -> 0 | BU42: =$G42*AC42*IF($H42>50,18,36)+$F42*AC42*IF($H42>50,4,8)+$E42*AC42 -> 0 | BV42: =$G42*AB42*IF($H42>50,18,36)+$F42*AB42*IF($H42>50,4,8)+$E42*AB42 -> 0 | BW42: =$G42*AD42*IF($H42>50,18,36)+$F42*AD42*IF($H42>50,4,8)+$E42*AD42 -> 0 | BX42: =$G42*AE42*IF($H42>50,18,36)+$F42*AE42*IF($H42>50,4,8)+$E42*AE42 -> 0 | BY42: =$G42*AI42*IF($H42>50,18,36)+$F42*AI42*IF($H42>50,4,8)+$E42*AI42 -> 0 | BZ42: =$G42*AF42*IF($H42>50,18,36)+$F42*AF42*IF($H42>50,4,8)+$E42*AF42 -> 0 | CA42: =$G42*AH42*IF($H42>50,18,36)+$F42*AH42*IF($H42>50,4,8)+$E42*AH42 -> 0 | CB42: =$G42*AG42*IF($H42>50,18,36)+$F42*AG42*IF($H42>50,4,8)+$E42*AG42 -> 0 | CC42: =$G42*AJ42*IF($H42>50,18,36)+$F42*AJ42*IF($H42>50,4,8)+$E42*AJ42 -> 0 | CD42: =$G42*AM42*IF($H42>50,18,36)+$F42*AM42*IF($H42>50,4,8)+$E42*AM42 -> 0 | CE42: =$G42*AL42*IF($H42>50,18,36)+$F42*AL42*IF($H42>50,4,8)+$E42*AL42 -> 0 | CF42: =$G42*AK42*IF($H42>50,18,36)+$F42*AK42*IF($H42>50,4,8)+$E42*AK42 -> 0 | CG42: =$G42*AN42*IF($H42>50,18,36)+$F42*AN42*IF($H42>50,4,8)+$E42*AN42 -> 0 | CH42: =$G42*AQ42*IF($H42>50,18,36)+$F42*AQ42*IF($H42>50,4,8)+$E42*AQ42 -> 0 | CI42: =$G42*AP42*IF($H42>50,18,36)+$F42*AP42*IF($H42>50,4,8)+$E42*AP42 -> 0 | CJ42: =$G42*AO42*IF($H42>50,18,36)+$F42*AO42*IF($H42>50,4,8)+$E42*AO42 -> 0 | CK42: =$G42*AR42*IF($H42>50,18,36)+$F42*AR42*IF($H42>50,4,8)+$E42*AR42 -> 0 | CL42: =$G42*AS42*IF($H42>50,18,36)+$F42*AS42*IF($H42>50,4,8)+$E42*AS42 -> 0 | CM42: =$G42*AT42*IF($H42>50,18,36)+$F42*AT42*IF($H42>50,4,8)+$E42*AT42 -> 0 | CN42: =$G42*AU42*IF($H42>50,18,36)+$F42*AU42*IF($H42>50,4,8)+$E42*AU42 -> 0 | CO42: =$G42*AV42*IF($H42>50,18,36)+$F42*AV42*IF($H42>50,4,8)+$E42*AV42 -> 0 | CP42: =$G42*AW42*IF($H42>50,18,36)+$F42*AW42*IF($H42>50,4,8)+$E42*AW42 -> 0 | CQ42: =$G42*AX42*IF($H42>50,18,36)+$F42*AX42*IF($H42>50,4,8)+$E42*AX42 -> 0 | CR42: =$G42*AY42*IF($H42>50,18,36)+$F42*AY42*IF($H42>50,4,8)+$E42*AY42 -> 0 | ... CV42: =$G42*BC42*IF($H42>50,18,36)+$F42*BC42*IF($H42>50,4,8)+$E42*BC42 -> 0 | CX42: =O42*BH$2/($H42/50)^2 -> 0 | CY42: =P42*BI$2/($H42/50)^2 -> 0 | CZ42: =Q42*BJ$2/($H42/50)^2 -> 2.5 | DA42: =R42*BK$2/($H42/50)^2 -> 0 | DB42: =S42*BL$2/($H42/50)^2 -> 0 | DC42: =T42*BM$2/($H42/50)^2 -> 0 | DD42: =U42*BN$2/($H42/50)^2 -> 0 | DE42: =V42*BO$2/($H42/50)^2 -> 0 | ... DJ42: =AA42*BT$2/($H42/50)^2 -> 0 | DK42: =AC42*BU$2/($H42/50)^2 -> 0 | DL42: =AB42*BV$2/($H42/50)^2 -> 0 | DM42: =AD42*BW$2/($H42/50)^2 -> 0 | DN42: =AE42*BX$2/($H42/50)^2 -> 0 | DO42: =AI42*BY$2/($H42/50)^2 -> 0 | DP42: =AF42*BZ$2/($H42/50)^2 -> 0 | DQ42: =AH42*CA$2/($H42/50)^2 -> 0 | DR42: =AG42*CB$2/($H42/50)^2 -> 0 | DS42: =AJ42*CC$2/($H42/50)^2 -> 0 | DT42: =AM42*CD$2/($H42/50)^2 -> 0 | DU42: =AL42*CE$2/($H42/50)^2 -> 0 | DV42: =AK42*CF$2/($H42/50)^2 -> 0 | DW42: =AN42*CG$2/($H42/50)^2 -> 0 | DX42: =AQ42*CH$2/($H42/50)^2 -> 0 | DY42: =AP42*CI$2/($H42/50)^2 -> 30 | DZ42: =AO42*CJ$2/($H42/50)^2 -> 0 | EA42: =AR42*CK$2/($H42/50)^2 -> 0 | EB42: =AS42*CL$2/($H42/50)^2 -> 0 | EC42: =AT42*CM$2/($H42/50)^2 -> 0 | ED42: =AU42*CN$2/($H42/50)^2 -> 0 | EE42: =AV42*CO$2/($H42/50)^2 -> 0 | EF42: =AW42*CP$2/($H42/50)^2 -> 0 | EG42: =AX42*CQ$2/($H42/50)^2 -> 0 | EH42: =AY42*CR$2/($H42/50)^2 -> 0 | ... EL42: =BC42*CV$2/($H42/50)^2 -> 0
A43: Boon Paste II | B43: =IF($C$2,SUMIF(I:I,A43,BG:BG),0) -> 0 | D43: =C43+B43 -> 0 | E43: =IF(ISBLANK(H43),0,IF($C$1,0,CEILING(D43-F43*H43*0.2-G43*H43,1))) -> 0 | F43: =IF(ISBLANK(H43),0,IF($C$1,0,FLOOR((D43-G43*H43)/(H43/5),1))) -> 0 | G43: =IF(ISBLANK(H43),0,IF($C$1,CEILING(D43/H43,1),FLOOR(D43/H43,1))) -> 0 | H43: 100 | I43: =$A$6 -> Paste Base | J43: =K43*D43 -> 0 | K43: =CEILING(SUM(CX43:EL43),1)+IF(ISBLANK(I43),0,VLOOKUP(I43,A:K,11,FALSE)) -> 237 | L43: 300 | M43: 1800 | N43: 4 | S43: 1 | AP43: 4 | BE43: =IF(ISNUMBER(L43),$G43*L43*25+$F43*L43*10+$E43*L43,0) -> 0 | BF43: =IF(D43>0,M43,0) -> 0 | BG43: =$G43*N43*IF($H43>50,18,36)+$F43*N43*IF($H43>50,4,8)+$E43*N43 -> 0 | BH43: =$G43*O43*IF($H43>50,18,36)+$F43*O43*IF($H43>50,4,8)+$E43*O43 -> 0 | BI43: =$G43*P43*IF($H43>50,18,36)+$F43*P43*IF($H43>50,4,8)+$E43*P43 -> 0 | BJ43: =$G43*Q43*IF($H43>50,18,36)+$F43*Q43*IF($H43>50,4,8)+$E43*Q43 -> 0 | BK43: =$G43*R43*IF($H43>50,18,36)+$F43*R43*IF($H43>50,4,8)+$E43*R43 -> 0 | BL43: =$G43*S43*IF($H43>50,18,36)+$F43*S43*IF($H43>50,4,8)+$E43*S43 -> 0 | BM43: =$G43*T43*IF($H43>50,18,36)+$F43*T43*IF($H43>50,4,8)+$E43*T43 -> 0 | BN43: =$G43*U43*IF($H43>50,18,36)+$F43*U43*IF($H43>50,4,8)+$E43*U43 -> 0 | ... BT43: =$G43*AA43*IF($H43>50,18,36)+$F43*AA43*IF($H43>50,4,8)+$E43*AA43 -> 0 | BU43: =$G43*AC43*IF($H43>50,18,36)+$F43*AC43*IF($H43>50,4,8)+$E43*AC43 -> 0 | BV43: =$G43*AB43*IF($H43>50,18,36)+$F43*AB43*IF($H43>50,4,8)+$E43*AB43 -> 0 | BW43: =$G43*AD43*IF($H43>50,18,36)+$F43*AD43*IF($H43>50,4,8)+$E43*AD43 -> 0 | BX43: =$G43*AE43*IF($H43>50,18,36)+$F43*AE43*IF($H43>50,4,8)+$E43*AE43 -> 0 | BY43: =$G43*AI43*IF($H43>50,18,36)+$F43*AI43*IF($H43>50,4,8)+$E43*AI43 -> 0 | BZ43: =$G43*AF43*IF($H43>50,18,36)+$F43*AF43*IF($H43>50,4,8)+$E43*AF43 -> 0 | CA43: =$G43*AH43*IF($H43>50,18,36)+$F43*AH43*IF($H43>50,4,8)+$E43*AH43 -> 0 | CB43: =$G43*AG43*IF($H43>50,18,36)+$F43*AG43*IF($H43>50,4,8)+$E43*AG43 -> 0 | CC43: =$G43*AJ43*IF($H43>50,18,36)+$F43*AJ43*IF($H43>50,4,8)+$E43*AJ43 -> 0 | CD43: =$G43*AM43*IF($H43>50,18,36)+$F43*AM43*IF($H43>50,4,8)+$E43*AM43 -> 0 | CE43: =$G43*AL43*IF($H43>50,18,36)+$F43*AL43*IF($H43>50,4,8)+$E43*AL43 -> 0 | CF43: =$G43*AK43*IF($H43>50,18,36)+$F43*AK43*IF($H43>50,4,8)+$E43*AK43 -> 0 | CG43: =$G43*AN43*IF($H43>50,18,36)+$F43*AN43*IF($H43>50,4,8)+$E43*AN43 -> 0 | CH43: =$G43*AQ43*IF($H43>50,18,36)+$F43*AQ43*IF($H43>50,4,8)+$E43*AQ43 -> 0 | CI43: =$G43*AP43*IF($H43>50,18,36)+$F43*AP43*IF($H43>50,4,8)+$E43*AP43 -> 0 | CJ43: =$G43*AO43*IF($H43>50,18,36)+$F43*AO43*IF($H43>50,4,8)+$E43*AO43 -> 0 | CK43: =$G43*AR43*IF($H43>50,18,36)+$F43*AR43*IF($H43>50,4,8)+$E43*AR43 -> 0 | CL43: =$G43*AS43*IF($H43>50,18,36)+$F43*AS43*IF($H43>50,4,8)+$E43*AS43 -> 0 | CM43: =$G43*AT43*IF($H43>50,18,36)+$F43*AT43*IF($H43>50,4,8)+$E43*AT43 -> 0 | CN43: =$G43*AU43*IF($H43>50,18,36)+$F43*AU43*IF($H43>50,4,8)+$E43*AU43 -> 0 | CO43: =$G43*AV43*IF($H43>50,18,36)+$F43*AV43*IF($H43>50,4,8)+$E43*AV43 -> 0 | CP43: =$G43*AW43*IF($H43>50,18,36)+$F43*AW43*IF($H43>50,4,8)+$E43*AW43 -> 0 | CQ43: =$G43*AX43*IF($H43>50,18,36)+$F43*AX43*IF($H43>50,4,8)+$E43*AX43 -> 0 | CR43: =$G43*AY43*IF($H43>50,18,36)+$F43*AY43*IF($H43>50,4,8)+$E43*AY43 -> 0 | ... CV43: =$G43*BC43*IF($H43>50,18,36)+$F43*BC43*IF($H43>50,4,8)+$E43*BC43 -> 0 | CX43: =O43*BH$2/($H43/50)^2 -> 0 | CY43: =P43*BI$2/($H43/50)^2 -> 0 | CZ43: =Q43*BJ$2/($H43/50)^2 -> 0 | DA43: =R43*BK$2/($H43/50)^2 -> 0 | DB43: =S43*BL$2/($H43/50)^2 -> 12.5 | DC43: =T43*BM$2/($H43/50)^2 -> 0 | DD43: =U43*BN$2/($H43/50)^2 -> 0 | DE43: =V43*BO$2/($H43/50)^2 -> 0 | ... DJ43: =AA43*BT$2/($H43/50)^2 -> 0 | DK43: =AC43*BU$2/($H43/50)^2 -> 0 | DL43: =AB43*BV$2/($H43/50)^2 -> 0 | DM43: =AD43*BW$2/($H43/50)^2 -> 0 | DN43: =AE43*BX$2/($H43/50)^2 -> 0 | DO43: =AI43*BY$2/($H43/50)^2 -> 0 | DP43: =AF43*BZ$2/($H43/50)^2 -> 0 | DQ43: =AH43*CA$2/($H43/50)^2 -> 0 | DR43: =AG43*CB$2/($H43/50)^2 -> 0 | DS43: =AJ43*CC$2/($H43/50)^2 -> 0 | DT43: =AM43*CD$2/($H43/50)^2 -> 0 | DU43: =AL43*CE$2/($H43/50)^2 -> 0 | DV43: =AK43*CF$2/($H43/50)^2 -> 0 | DW43: =AN43*CG$2/($H43/50)^2 -> 0 | DX43: =AQ43*CH$2/($H43/50)^2 -> 0 | DY43: =AP43*CI$2/($H43/50)^2 -> 60 | DZ43: =AO43*CJ$2/($H43/50)^2 -> 0 | EA43: =AR43*CK$2/($H43/50)^2 -> 0 | EB43: =AS43*CL$2/($H43/50)^2 -> 0 | EC43: =AT43*CM$2/($H43/50)^2 -> 0 | ED43: =AU43*CN$2/($H43/50)^2 -> 0 | EE43: =AV43*CO$2/($H43/50)^2 -> 0 | EF43: =AW43*CP$2/($H43/50)^2 -> 0 | EG43: =AX43*CQ$2/($H43/50)^2 -> 0 | EH43: =AY43*CR$2/($H43/50)^2 -> 0 | ... EL43: =BC43*CV$2/($H43/50)^2 -> 0
A44: Defect Guard Paste I | B44: =IF($C$2,SUMIF(I:I,A44,BG:BG),0) -> 0 | D44: =C44+B44 -> 0 | E44: =IF(ISBLANK(H44),0,IF($C$1,0,CEILING(D44-F44*H44*0.2-G44*H44,1))) -> 0 | F44: =IF(ISBLANK(H44),0,IF($C$1,0,FLOOR((D44-G44*H44)/(H44/5),1))) -> 0 | G44: =IF(ISBLANK(H44),0,IF($C$1,CEILING(D44/H44,1),FLOOR(D44/H44,1))) -> 0 | H44: 100 | I44: =$A$6 -> Paste Base | J44: =K44*D44 -> 0 | K44: =CEILING(SUM(CX44:EL44),1)+IF(ISBLANK(I44),0,VLOOKUP(I44,A:K,11,FALSE)) -> 167 | L44: 200 | M44: 600 | N44: 2 | Q44: 1 | W44: 2 | BE44: =IF(ISNUMBER(L44),$G44*L44*25+$F44*L44*10+$E44*L44,0) -> 0 | BF44: =IF(D44>0,M44,0) -> 0 | BG44: =$G44*N44*IF($H44>50,18,36)+$F44*N44*IF($H44>50,4,8)+$E44*N44 -> 0 | BH44: =$G44*O44*IF($H44>50,18,36)+$F44*O44*IF($H44>50,4,8)+$E44*O44 -> 0 | BI44: =$G44*P44*IF($H44>50,18,36)+$F44*P44*IF($H44>50,4,8)+$E44*P44 -> 0 | BJ44: =$G44*Q44*IF($H44>50,18,36)+$F44*Q44*IF($H44>50,4,8)+$E44*Q44 -> 0 | BK44: =$G44*R44*IF($H44>50,18,36)+$F44*R44*IF($H44>50,4,8)+$E44*R44 -> 0 | BL44: =$G44*S44*IF($H44>50,18,36)+$F44*S44*IF($H44>50,4,8)+$E44*S44 -> 0 | BM44: =$G44*T44*IF($H44>50,18,36)+$F44*T44*IF($H44>50,4,8)+$E44*T44 -> 0 | BN44: =$G44*U44*IF($H44>50,18,36)+$F44*U44*IF($H44>50,4,8)+$E44*U44 -> 0 | ... BT44: =$G44*AA44*IF($H44>50,18,36)+$F44*AA44*IF($H44>50,4,8)+$E44*AA44 -> 0 | BU44: =$G44*AC44*IF($H44>50,18,36)+$F44*AC44*IF($H44>50,4,8)+$E44*AC44 -> 0 | BV44: =$G44*AB44*IF($H44>50,18,36)+$F44*AB44*IF($H44>50,4,8)+$E44*AB44 -> 0 | BW44: =$G44*AD44*IF($H44>50,18,36)+$F44*AD44*IF($H44>50,4,8)+$E44*AD44 -> 0 | BX44: =$G44*AE44*IF($H44>50,18,36)+$F44*AE44*IF($H44>50,4,8)+$E44*AE44 -> 0 | BY44: =$G44*AI44*IF($H44>50,18,36)+$F44*AI44*IF($H44>50,4,8)+$E44*AI44 -> 0 | BZ44: =$G44*AF44*IF($H44>50,18,36)+$F44*AF44*IF($H44>50,4,8)+$E44*AF44 -> 0 | CA44: =$G44*AH44*IF($H44>50,18,36)+$F44*AH44*IF($H44>50,4,8)+$E44*AH44 -> 0 | CB44: =$G44*AG44*IF($H44>50,18,36)+$F44*AG44*IF($H44>50,4,8)+$E44*AG44 -> 0 | CC44: =$G44*AJ44*IF($H44>50,18,36)+$F44*AJ44*IF($H44>50,4,8)+$E44*AJ44 -> 0 | CD44: =$G44*AM44*IF($H44>50,18,36)+$F44*AM44*IF($H44>50,4,8)+$E44*AM44 -> 0 | CE44: =$G44*AL44*IF($H44>50,18,36)+$F44*AL44*IF($H44>50,4,8)+$E44*AL44 -> 0 | CF44: =$G44*AK44*IF($H44>50,18,36)+$F44*AK44*IF($H44>50,4,8)+$E44*AK44 -> 0 | CG44: =$G44*AN44*IF($H44>50,18,36)+$F44*AN44*IF($H44>50,4,8)+$E44*AN44 -> 0 | CH44: =$G44*AQ44*IF($H44>50,18,36)+$F44*AQ44*IF($H44>50,4,8)+$E44*AQ44 -> 0 | CI44: =$G44*AP44*IF($H44>50,18,36)+$F44*AP44*IF($H44>50,4,8)+$E44*AP44 -> 0 | CJ44: =$G44*AO44*IF($H44>50,18,36)+$F44*AO44*IF($H44>50,4,8)+$E44*AO44 -> 0 | CK44: =$G44*AR44*IF($H44>50,18,36)+$F44*AR44*IF($H44>50,4,8)+$E44*AR44 -> 0 | CL44: =$G44*AS44*IF($H44>50,18,36)+$F44*AS44*IF($H44>50,4,8)+$E44*AS44 -> 0 | CM44: =$G44*AT44*IF($H44>50,18,36)+$F44*AT44*IF($H44>50,4,8)+$E44*AT44 -> 0 | CN44: =$G44*AU44*IF($H44>50,18,36)+$F44*AU44*IF($H44>50,4,8)+$E44*AU44 -> 0 | CO44: =$G44*AV44*IF($H44>50,18,36)+$F44*AV44*IF($H44>50,4,8)+$E44*AV44 -> 0 | CP44: =$G44*AW44*IF($H44>50,18,36)+$F44*AW44*IF($H44>50,4,8)+$E44*AW44 -> 0 | CQ44: =$G44*AX44*IF($H44>50,18,36)+$F44*AX44*IF($H44>50,4,8)+$E44*AX44 -> 0 | CR44: =$G44*AY44*IF($H44>50,18,36)+$F44*AY44*IF($H44>50,4,8)+$E44*AY44 -> 0 | ... CV44: =$G44*BC44*IF($H44>50,18,36)+$F44*BC44*IF($H44>50,4,8)+$E44*BC44 -> 0 | CX44: =O44*BH$2/($H44/50)^2 -> 0 | CY44: =P44*BI$2/($H44/50)^2 -> 0 | CZ44: =Q44*BJ$2/($H44/50)^2 -> 2.5 | DA44: =R44*BK$2/($H44/50)^2 -> 0 | DB44: =S44*BL$2/($H44/50)^2 -> 0 | DC44: =T44*BM$2/($H44/50)^2 -> 0 | DD44: =U44*BN$2/($H44/50)^2 -> 0 | DE44: =V44*BO$2/($H44/50)^2 -> 0 | ... DJ44: =AA44*BT$2/($H44/50)^2 -> 0 | DK44: =AC44*BU$2/($H44/50)^2 -> 0 | DL44: =AB44*BV$2/($H44/50)^2 -> 0 | DM44: =AD44*BW$2/($H44/50)^2 -> 0 | DN44: =AE44*BX$2/($H44/50)^2 -> 0 | DO44: =AI44*BY$2/($H44/50)^2 -> 0 | DP44: =AF44*BZ$2/($H44/50)^2 -> 0 | DQ44: =AH44*CA$2/($H44/50)^2 -> 0 | DR44: =AG44*CB$2/($H44/50)^2 -> 0 | DS44: =AJ44*CC$2/($H44/50)^2 -> 0 | DT44: =AM44*CD$2/($H44/50)^2 -> 0 | DU44: =AL44*CE$2/($H44/50)^2 -> 0 | DV44: =AK44*CF$2/($H44/50)^2 -> 0 | DW44: =AN44*CG$2/($H44/50)^2 -> 0 | DX44: =AQ44*CH$2/($H44/50)^2 -> 0 | DY44: =AP44*CI$2/($H44/50)^2 -> 0 | DZ44: =AO44*CJ$2/($H44/50)^2 -> 0 | EA44: =AR44*CK$2/($H44/50)^2 -> 0 | EB44: =AS44*CL$2/($H44/50)^2 -> 0 | EC44: =AT44*CM$2/($H44/50)^2 -> 0 | ED44: =AU44*CN$2/($H44/50)^2 -> 0 | EE44: =AV44*CO$2/($H44/50)^2 -> 0 | EF44: =AW44*CP$2/($H44/50)^2 -> 0 | EG44: =AX44*CQ$2/($H44/50)^2 -> 0 | EH44: =AY44*CR$2/($H44/50)^2 -> 0 | ... EL44: =BC44*CV$2/($H44/50)^2 -> 0
A45: Defect Guard Paste II | B45: =IF($C$2,SUMIF(I:I,A45,BG:BG),0) -> 0 | D45: =C45+B45 -> 0 | E45: =IF(ISBLANK(H45),0,IF($C$1,0,CEILING(D45-F45*H45*0.2-G45*H45,1))) -> 0 | F45: =IF(ISBLANK(H45),0,IF($C$1,0,FLOOR((D45-G45*H45)/(H45/5),1))) -> 0 | G45: =IF(ISBLANK(H45),0,IF($C$1,CEILING(D45/H45,1),FLOOR(D45/H45,1))) -> 0 | H45: 100 | I45: =$A$6 -> Paste Base | J45: =K45*D45 -> 0 | K45: =CEILING(SUM(CX45:EL45),1)+IF(ISBLANK(I45),0,VLOOKUP(I45,A:K,11,FALSE)) -> 178 | L45: 300 | M45: 1800 | N45: 4 | S45: 1 | W45: 4 | BE45: =IF(ISNUMBER(L45),$G45*L45*25+$F45*L45*10+$E45*L45,0) -> 0 | BF45: =IF(D45>0,M45,0) -> 0 | BG45: =$G45*N45*IF($H45>50,18,36)+$F45*N45*IF($H45>50,4,8)+$E45*N45 -> 0 | BH45: =$G45*O45*IF($H45>50,18,36)+$F45*O45*IF($H45>50,4,8)+$E45*O45 -> 0 | BI45: =$G45*P45*IF($H45>50,18,36)+$F45*P45*IF($H45>50,4,8)+$E45*P45 -> 0 | BJ45: =$G45*Q45*IF($H45>50,18,36)+$F45*Q45*IF($H45>50,4,8)+$E45*Q45 -> 0 | BK45: =$G45*R45*IF($H45>50,18,36)+$F45*R45*IF($H45>50,4,8)+$E45*R45 -> 0 | BL45: =$G45*S45*IF($H45>50,18,36)+$F45*S45*IF($H45>50,4,8)+$E45*S45 -> 0 | BM45: =$G45*T45*IF($H45>50,18,36)+$F45*T45*IF($H45>50,4,8)+$E45*T45 -> 0 | BN45: =$G45*U45*IF($H45>50,18,36)+$F45*U45*IF($H45>50,4,8)+$E45*U45 -> 0 | ... BT45: =$G45*AA45*IF($H45>50,18,36)+$F45*AA45*IF($H45>50,4,8)+$E45*AA45 -> 0 | BU45: =$G45*AC45*IF($H45>50,18,36)+$F45*AC45*IF($H45>50,4,8)+$E45*AC45 -> 0 | BV45: =$G45*AB45*IF($H45>50,18,36)+$F45*AB45*IF($H45>50,4,8)+$E45*AB45 -> 0 | BW45: =$G45*AD45*IF($H45>50,18,36)+$F45*AD45*IF($H45>50,4,8)+$E45*AD45 -> 0 | BX45: =$G45*AE45*IF($H45>50,18,36)+$F45*AE45*IF($H45>50,4,8)+$E45*AE45 -> 0 | BY45: =$G45*AI45*IF($H45>50,18,36)+$F45*AI45*IF($H45>50,4,8)+$E45*AI45 -> 0 | BZ45: =$G45*AF45*IF($H45>50,18,36)+$F45*AF45*IF($H45>50,4,8)+$E45*AF45 -> 0 | CA45: =$G45*AH45*IF($H45>50,18,36)+$F45*AH45*IF($H45>50,4,8)+$E45*AH45 -> 0 | CB45: =$G45*AG45*IF($H45>50,18,36)+$F45*AG45*IF($H45>50,4,8)+$E45*AG45 -> 0 | CC45: =$G45*AJ45*IF($H45>50,18,36)+$F45*AJ45*IF($H45>50,4,8)+$E45*AJ45 -> 0 | CD45: =$G45*AM45*IF($H45>50,18,36)+$F45*AM45*IF($H45>50,4,8)+$E45*AM45 -> 0 | CE45: =$G45*AL45*IF($H45>50,18,36)+$F45*AL45*IF($H45>50,4,8)+$E45*AL45 -> 0 | CF45: =$G45*AK45*IF($H45>50,18,36)+$F45*AK45*IF($H45>50,4,8)+$E45*AK45 -> 0 | CG45: =$G45*AN45*IF($H45>50,18,36)+$F45*AN45*IF($H45>50,4,8)+$E45*AN45 -> 0 | CH45: =$G45*AQ45*IF($H45>50,18,36)+$F45*AQ45*IF($H45>50,4,8)+$E45*AQ45 -> 0 | CI45: =$G45*AP45*IF($H45>50,18,36)+$F45*AP45*IF($H45>50,4,8)+$E45*AP45 -> 0 | CJ45: =$G45*AO45*IF($H45>50,18,36)+$F45*AO45*IF($H45>50,4,8)+$E45*AO45 -> 0 | CK45: =$G45*AR45*IF($H45>50,18,36)+$F45*AR45*IF($H45>50,4,8)+$E45*AR45 -> 0 | CL45: =$G45*AS45*IF($H45>50,18,36)+$F45*AS45*IF($H45>50,4,8)+$E45*AS45 -> 0 | CM45: =$G45*AT45*IF($H45>50,18,36)+$F45*AT45*IF($H45>50,4,8)+$E45*AT45 -> 0 | CN45: =$G45*AU45*IF($H45>50,18,36)+$F45*AU45*IF($H45>50,4,8)+$E45*AU45 -> 0 | CO45: =$G45*AV45*IF($H45>50,18,36)+$F45*AV45*IF($H45>50,4,8)+$E45*AV45 -> 0 | CP45: =$G45*AW45*IF($H45>50,18,36)+$F45*AW45*IF($H45>50,4,8)+$E45*AW45 -> 0 | CQ45: =$G45*AX45*IF($H45>50,18,36)+$F45*AX45*IF($H45>50,4,8)+$E45*AX45 -> 0 | CR45: =$G45*AY45*IF($H45>50,18,36)+$F45*AY45*IF($H45>50,4,8)+$E45*AY45 -> 0 | ... CV45: =$G45*BC45*IF($H45>50,18,36)+$F45*BC45*IF($H45>50,4,8)+$E45*BC45 -> 0 | CX45: =O45*BH$2/($H45/50)^2 -> 0 | CY45: =P45*BI$2/($H45/50)^2 -> 0 | CZ45: =Q45*BJ$2/($H45/50)^2 -> 0 | DA45: =R45*BK$2/($H45/50)^2 -> 0 | DB45: =S45*BL$2/($H45/50)^2 -> 12.5 | DC45: =T45*BM$2/($H45/50)^2 -> 0 | DD45: =U45*BN$2/($H45/50)^2 -> 0 | DE45: =V45*BO$2/($H45/50)^2 -> 0 | ... DJ45: =AA45*BT$2/($H45/50)^2 -> 0 | DK45: =AC45*BU$2/($H45/50)^2 -> 0 | DL45: =AB45*BV$2/($H45/50)^2 -> 0 | DM45: =AD45*BW$2/($H45/50)^2 -> 0 | DN45: =AE45*BX$2/($H45/50)^2 -> 0 | DO45: =AI45*BY$2/($H45/50)^2 -> 0 | DP45: =AF45*BZ$2/($H45/50)^2 -> 0 | DQ45: =AH45*CA$2/($H45/50)^2 -> 0 | DR45: =AG45*CB$2/($H45/50)^2 -> 0 | DS45: =AJ45*CC$2/($H45/50)^2 -> 0 | DT45: =AM45*CD$2/($H45/50)^2 -> 0 | DU45: =AL45*CE$2/($H45/50)^2 -> 0 | DV45: =AK45*CF$2/($H45/50)^2 -> 0 | DW45: =AN45*CG$2/($H45/50)^2 -> 0 | DX45: =AQ45*CH$2/($H45/50)^2 -> 0 | DY45: =AP45*CI$2/($H45/50)^2 -> 0 | DZ45: =AO45*CJ$2/($H45/50)^2 -> 0 | EA45: =AR45*CK$2/($H45/50)^2 -> 0 | EB45: =AS45*CL$2/($H45/50)^2 -> 0 | EC45: =AT45*CM$2/($H45/50)^2 -> 0 | ED45: =AU45*CN$2/($H45/50)^2 -> 0 | EE45: =AV45*CO$2/($H45/50)^2 -> 0 | EF45: =AW45*CP$2/($H45/50)^2 -> 0 | EG45: =AX45*CQ$2/($H45/50)^2 -> 0 | EH45: =AY45*CR$2/($H45/50)^2 -> 0 | ... EL45: =BC45*CV$2/($H45/50)^2 -> 0
A46: Quirk Guard Paste I | B46: =IF($C$2,SUMIF(I:I,A46,BG:BG),0) -> 0 | D46: =C46+B46 -> 0 | E46: =IF(ISBLANK(H46),0,IF($C$1,0,CEILING(D46-F46*H46*0.2-G46*H46,1))) -> 0 | F46: =IF(ISBLANK(H46),0,IF($C$1,0,FLOOR((D46-G46*H46)/(H46/5),1))) -> 0 | G46: =IF(ISBLANK(H46),0,IF($C$1,CEILING(D46/H46,1),FLOOR(D46/H46,1))) -> 0 | H46: 100 | I46: =$A$6 -> Paste Base | J46: =K46*D46 -> 0 | K46: =CEILING(SUM(CX46:EL46),1)+IF(ISBLANK(I46),0,VLOOKUP(I46,A:K,11,FALSE)) -> 167 | L46: 200 | M46: 600 | N46: 2 | Q46: 1 | W46: 2 | BE46: =IF(ISNUMBER(L46),$G46*L46*25+$F46*L46*10+$E46*L46,0) -> 0 | BF46: =IF(D46>0,M46,0) -> 0 | BG46: =$G46*N46*IF($H46>50,18,36)+$F46*N46*IF($H46>50,4,8)+$E46*N46 -> 0 | BH46: =$G46*O46*IF($H46>50,18,36)+$F46*O46*IF($H46>50,4,8)+$E46*O46 -> 0 | BI46: =$G46*P46*IF($H46>50,18,36)+$F46*P46*IF($H46>50,4,8)+$E46*P46 -> 0 | BJ46: =$G46*Q46*IF($H46>50,18,36)+$F46*Q46*IF($H46>50,4,8)+$E46*Q46 -> 0 | BK46: =$G46*R46*IF($H46>50,18,36)+$F46*R46*IF($H46>50,4,8)+$E46*R46 -> 0 | BL46: =$G46*S46*IF($H46>50,18,36)+$F46*S46*IF($H46>50,4,8)+$E46*S46 -> 0 | BM46: =$G46*T46*IF($H46>50,18,36)+$F46*T46*IF($H46>50,4,8)+$E46*T46 -> 0 | BN46: =$G46*U46*IF($H46>50,18,36)+$F46*U46*IF($H46>50,4,8)+$E46*U46 -> 0 | ... BT46: =$G46*AA46*IF($H46>50,18,36)+$F46*AA46*IF($H46>50,4,8)+$E46*AA46 -> 0 | BU46: =$G46*AC46*IF($H46>50,18,36)+$F46*AC46*IF($H46>50,4,8)+$E46*AC46 -> 0 | BV46: =$G46*AB46*IF($H46>50,18,36)+$F46*AB46*IF($H46>50,4,8)+$E46*AB46 -> 0 | BW46: =$G46*AD46*IF($H46>50,18,36)+$F46*AD46*IF($H46>50,4,8)+$E46*AD46 -> 0 | BX46: =$G46*AE46*IF($H46>50,18,36)+$F46*AE46*IF($H46>50,4,8)+$E46*AE46 -> 0 | BY46: =$G46*AI46*IF($H46>50,18,36)+$F46*AI46*IF($H46>50,4,8)+$E46*AI46 -> 0 | BZ46: =$G46*AF46*IF($H46>50,18,36)+$F46*AF46*IF($H46>50,4,8)+$E46*AF46 -> 0 | CA46: =$G46*AH46*IF($H46>50,18,36)+$F46*AH46*IF($H46>50,4,8)+$E46*AH46 -> 0 | CB46: =$G46*AG46*IF($H46>50,18,36)+$F46*AG46*IF($H46>50,4,8)+$E46*AG46 -> 0 | CC46: =$G46*AJ46*IF($H46>50,18,36)+$F46*AJ46*IF($H46>50,4,8)+$E46*AJ46 -> 0 | CD46: =$G46*AM46*IF($H46>50,18,36)+$F46*AM46*IF($H46>50,4,8)+$E46*AM46 -> 0 | CE46: =$G46*AL46*IF($H46>50,18,36)+$F46*AL46*IF($H46>50,4,8)+$E46*AL46 -> 0 | CF46: =$G46*AK46*IF($H46>50,18,36)+$F46*AK46*IF($H46>50,4,8)+$E46*AK46 -> 0 | CG46: =$G46*AN46*IF($H46>50,18,36)+$F46*AN46*IF($H46>50,4,8)+$E46*AN46 -> 0 | CH46: =$G46*AQ46*IF($H46>50,18,36)+$F46*AQ46*IF($H46>50,4,8)+$E46*AQ46 -> 0 | CI46: =$G46*AP46*IF($H46>50,18,36)+$F46*AP46*IF($H46>50,4,8)+$E46*AP46 -> 0 | CJ46: =$G46*AO46*IF($H46>50,18,36)+$F46*AO46*IF($H46>50,4,8)+$E46*AO46 -> 0 | CK46: =$G46*AR46*IF($H46>50,18,36)+$F46*AR46*IF($H46>50,4,8)+$E46*AR46 -> 0 | CL46: =$G46*AS46*IF($H46>50,18,36)+$F46*AS46*IF($H46>50,4,8)+$E46*AS46 -> 0 | CM46: =$G46*AT46*IF($H46>50,18,36)+$F46*AT46*IF($H46>50,4,8)+$E46*AT46 -> 0 | CN46: =$G46*AU46*IF($H46>50,18,36)+$F46*AU46*IF($H46>50,4,8)+$E46*AU46 -> 0 | CO46: =$G46*AV46*IF($H46>50,18,36)+$F46*AV46*IF($H46>50,4,8)+$E46*AV46 -> 0 | CP46: =$G46*AW46*IF($H46>50,18,36)+$F46*AW46*IF($H46>50,4,8)+$E46*AW46 -> 0 | CQ46: =$G46*AX46*IF($H46>50,18,36)+$F46*AX46*IF($H46>50,4,8)+$E46*AX46 -> 0 | CR46: =$G46*AY46*IF($H46>50,18,36)+$F46*AY46*IF($H46>50,4,8)+$E46*AY46 -> 0 | ... CV46: =$G46*BC46*IF($H46>50,18,36)+$F46*BC46*IF($H46>50,4,8)+$E46*BC46 -> 0 | CX46: =O46*BH$2/($H46/50)^2 -> 0 | CY46: =P46*BI$2/($H46/50)^2 -> 0 | CZ46: =Q46*BJ$2/($H46/50)^2 -> 2.5 | DA46: =R46*BK$2/($H46/50)^2 -> 0 | DB46: =S46*BL$2/($H46/50)^2 -> 0 | DC46: =T46*BM$2/($H46/50)^2 -> 0 | DD46: =U46*BN$2/($H46/50)^2 -> 0 | DE46: =V46*BO$2/($H46/50)^2 -> 0 | ... DJ46: =AA46*BT$2/($H46/50)^2 -> 0 | DK46: =AC46*BU$2/($H46/50)^2 -> 0 | DL46: =AB46*BV$2/($H46/50)^2 -> 0 | DM46: =AD46*BW$2/($H46/50)^2 -> 0 | DN46: =AE46*BX$2/($H46/50)^2 -> 0 | DO46: =AI46*BY$2/($H46/50)^2 -> 0 | DP46: =AF46*BZ$2/($H46/50)^2 -> 0 | DQ46: =AH46*CA$2/($H46/50)^2 -> 0 | DR46: =AG46*CB$2/($H46/50)^2 -> 0 | DS46: =AJ46*CC$2/($H46/50)^2 -> 0 | DT46: =AM46*CD$2/($H46/50)^2 -> 0 | DU46: =AL46*CE$2/($H46/50)^2 -> 0 | DV46: =AK46*CF$2/($H46/50)^2 -> 0 | DW46: =AN46*CG$2/($H46/50)^2 -> 0 | DX46: =AQ46*CH$2/($H46/50)^2 -> 0 | DY46: =AP46*CI$2/($H46/50)^2 -> 0 | DZ46: =AO46*CJ$2/($H46/50)^2 -> 0 | EA46: =AR46*CK$2/($H46/50)^2 -> 0 | EB46: =AS46*CL$2/($H46/50)^2 -> 0 | EC46: =AT46*CM$2/($H46/50)^2 -> 0 | ED46: =AU46*CN$2/($H46/50)^2 -> 0 | EE46: =AV46*CO$2/($H46/50)^2 -> 0 | EF46: =AW46*CP$2/($H46/50)^2 -> 0 | EG46: =AX46*CQ$2/($H46/50)^2 -> 0 | EH46: =AY46*CR$2/($H46/50)^2 -> 0 | ... EL46: =BC46*CV$2/($H46/50)^2 -> 0
